,us_momentum_top5,spy_sma200,spy_rsi2,btc_vol_target_sma100,dual_momentum
2014-10-31,0.000000,0.039629,0.008246,0.000000,0.000000
2014-11-30,0.000000,0.027472,0.000015,0.000000,0.000000
2014-12-31,0.000000,-0.002537,-0.000911,0.000000,0.000000
2015-01-31,-0.033348,-0.029629,-0.015894,0.000000,0.000000
2015-02-28,0.010851,0.027719,0.005802,0.000000,0.000000
2015-03-31,-0.003741,-0.007687,-0.002953,0.000000,0.000000
2015-04-30,-0.000000,0.003719,-0.007313,0.000000,0.000000
2015-05-31,0.005441,0.012446,-0.009909,0.000000,0.000000
2015-06-30,-0.006398,-0.021475,-0.004890,0.000000,0.000000
2015-07-31,0.013347,0.021060,0.016652,0.000000,0.000000
2015-08-31,-0.041177,-0.058999,-0.034174,0.000000,0.000000
2015-09-30,-0.033601,-0.028095,-0.028035,0.000000,0.000000
2015-10-31,-0.019393,0.078647,0.022821,0.000000,0.000000
2015-11-30,0.060754,0.010435,-0.007918,0.000000,0.000000
2015-12-31,-0.044038,-0.019332,-0.009054,0.000000,0.000000
2016-01-31,-0.039515,-0.056940,-0.017905,0.000000,0.000000
2016-02-29,0.020110,0.001560,-0.033821,0.000000,0.000000
2016-03-31,0.021178,0.063947,0.014930,0.000000,0.000000
2016-04-30,0.015906,0.016533,0.004251,0.000000,0.000000
2016-05-31,0.013433,0.019203,0.006068,0.000000,0.000000
2016-06-30,0.000000,0.001496,-0.007012,0.000000,0.000000
2016-07-31,0.055921,0.036906,0.008926,0.000000,0.000000
2016-08-31,0.006892,0.003192,0.000000,0.000000,0.000000
2016-09-30,0.016120,0.000425,-0.003460,0.000000,0.000000
2016-10-31,-0.012654,0.019057,0.005857,0.000000,0.000000
2016-11-30,0.011607,0.032845,0.004449,0.000000,0.000000
2016-12-31,-0.008412,-0.008253,-0.005584,0.000000,0.000000
2017-01-31,0.023942,0.000967,0.002039,0.000000,0.000000
2017-02-28,0.044372,0.027542,0.011508,0.000000,0.000000
2017-03-31,0.010163,-0.006783,-0.002427,0.000000,0.000000
2017-04-30,0.022866,0.015009,0.004333,0.000000,0.000000
2017-05-31,0.023368,0.014444,0.003610,0.000000,0.000000
2017-06-30,0.003622,0.001619,-0.002979,0.000000,0.000000
2017-07-31,0.025316,0.020407,0.009250,0.000000,0.000000
2017-08-31,0.013498,0.000525,-0.004274,0.000000,0.000000
2017-09-30,0.015170,0.024889,0.012837,0.000000,0.000000
2017-10-31,0.027799,0.018526,0.010803,0.000000,0.000000
2017-11-30,0.043793,0.031181,0.007615,0.000000,0.000000
2017-12-31,0.031844,0.009451,0.003808,0.000000,0.000000
2018-01-31,0.069664,0.028243,0.015610,0.000000,0.000000
2018-02-28,-0.049936,-0.039073,-0.005101,0.000000,0.000000
2018-03-31,0.006622,0.019930,0.007549,0.000000,0.000000
2018-04-30,0.000131,0.003841,0.003380,0.000000,0.000000
2018-05-31,0.024889,0.021475,0.010006,0.000000,0.000000
2018-06-30,0.000000,0.003691,0.003952,0.000000,0.000000
2018-07-31,0.011225,0.027104,0.010230,0.000000,0.000000
2018-08-31,0.029056,0.025688,0.008856,0.000000,0.000000
2018-09-30,0.002989,-0.001505,-0.005663,0.000000,0.000000
2018-10-31,-0.030238,-0.078786,-0.025688,0.000000,0.000000
2018-11-30,0.001835,0.019150,0.002772,0.000000,0.000000
2018-12-31,-0.089319,-0.093297,-0.062065,0.000000,0.000000
2019-01-31,0.055241,0.083828,0.039494,0.000000,0.000000
2019-02-28,0.033140,0.030501,0.009314,0.000000,0.000000
2019-03-31,0.024801,0.014162,0.003121,0.000000,0.000000
2019-04-30,0.020202,0.029918,0.010576,0.000000,0.000000
2019-05-31,0.005148,-0.067420,-0.026842,0.000000,0.000000
2019-06-30,0.024222,0.070726,0.026549,0.000000,0.000000
2019-07-31,0.022293,0.017633,0.004561,0.000000,0.000000
2019-08-31,-0.018227,-0.016203,-0.001469,0.000000,0.000000
2019-09-30,0.012228,0.015413,0.004728,0.000000,0.000000
2019-10-31,0.003855,0.014634,0.003535,0.000000,0.000000
2019-11-30,0.027786,0.022870,0.006681,0.000000,0.000000
2019-12-31,0.025189,0.029413,0.008873,0.000000,0.000000
2020-01-31,0.019135,-0.004391,-0.005921,0.000000,0.000000
2020-02-29,-0.028061,-0.081455,-0.040291,0.000000,0.000000
2020-03-31,-0.096062,-0.109719,-0.029305,0.000000,0.000000
2020-04-30,0.157906,0.116188,0.023640,0.000000,0.000000
2020-05-31,0.042840,0.053503,0.015673,0.000000,0.000000
2020-06-30,0.011482,0.016369,0.014211,0.000000,0.000000
2020-07-31,0.023500,0.038326,0.009611,0.000000,0.000000
2020-08-31,0.054744,0.043290,0.012933,0.000000,0.000000
2020-09-30,0.033823,-0.037139,-0.015696,0.000000,0.000000
2020-10-31,0.008314,0.000000,0.003859,0.000000,0.000000
2020-11-30,0.045011,0.088874,0.027540,0.000000,0.000000
2020-12-31,0.029009,0.024947,0.006178,0.000000,0.000000
2021-01-31,0.018603,-0.016343,-0.004699,0.000000,0.000000
2021-02-28,0.006873,0.016436,0.011817,0.000000,0.000000
2021-03-31,-0.023711,0.027676,0.007619,0.000000,0.000000
2021-04-30,0.023766,0.046009,0.021933,0.000000,0.000000
2021-05-31,0.032586,0.012929,0.002563,0.000000,0.000000
2021-06-30,0.014956,0.023500,0.010395,0.000000,0.000000
2021-07-31,0.019068,0.025185,0.011578,0.000000,0.000000
2021-08-31,0.012564,0.024894,0.009684,0.000000,0.000000
2021-09-30,0.006445,-0.048241,-0.011481,0.000000,0.000000
2021-10-31,0.020615,0.067311,0.027231,0.000000,0.000000
2021-11-30,0.020294,-0.013796,-0.006274,0.000000,0.000000
2021-12-31,0.010731,0.032481,0.012685,0.000000,0.000000
2022-01-31,-0.020714,-0.052919,-0.026450,0.000000,0.000000
2022-02-28,0.014028,-0.032378,-0.016059,0.000000,0.000000
2022-03-31,0.035142,0.032312,0.013272,0.000000,0.000000
2022-04-30,0.001601,-0.088627,-0.028058,0.000000,0.000000
2022-05-31,0.008576,-0.005556,-0.021477,0.000000,0.000000
2022-06-30,-0.024025,-0.086182,-0.028108,0.000000,0.000000
2022-07-31,0.031750,0.088590,0.035406,0.000000,0.000000
2022-08-31,0.007961,-0.036742,-0.012504,0.000000,0.000000
2022-09-30,-0.018118,-0.093476,-0.029321,0.000000,0.000000
2022-10-31,0.018284,0.071565,0.026254,0.000000,0.000000
2022-11-30,0.024059,0.046370,0.017737,0.000000,0.000000
2022-12-31,0.011104,-0.057671,-0.013985,0.000000,0.000000
2023-01-31,0.066678,0.064748,0.019315,0.000000,0.000000
2023-02-28,0.014516,-0.028384,-0.007194,0.000000,0.000000
2023-03-31,0.032012,0.034321,0.010747,0.000000,0.000000
2023-04-30,0.030008,0.017281,0.004278,0.000000,0.000000
2023-05-31,0.011941,0.003155,0.002023,0.000000,0.000000
2023-06-30,0.037282,0.055172,0.017782,0.000000,0.000000
2023-07-31,0.056774,0.034891,0.012636,0.000000,0.000000
2023-08-31,0.026547,-0.020998,-0.008228,0.000000,0.000000
2023-09-30,0.011632,-0.049983,-0.016524,0.000000,0.000000
2023-10-31,0.047990,0.000000,0.002159,0.000000,0.000000
2023-11-30,0.026443,0.086402,0.027881,0.000000,0.000000
2023-12-31,0.050796,0.046608,0.018197,0.000000,0.000000
2024-01-31,0.036714,0.017156,0.005217,0.000000,0.000000
2024-02-29,0.061005,0.031531,0.010125,0.000000,0.000000
2024-03-31,0.016051,0.035988,0.011044,0.000000,0.000000
2024-04-30,0.027816,-0.043897,-0.014594,0.000000,0.000000
2024-05-31,0.024772,0.047305,0.014275,0.000000,0.000000
2024-06-30,0.017060,0.034720,0.009761,0.000000,0.000000
2024-07-31,0.008815,0.016921,0.004778,0.000000,0.000000
2024-08-31,0.018837,0.014306,0.003689,0.000000,0.000000
2024-09-30,0.012105,0.018609,0.005086,0.000000,0.000000
2024-10-31,0.006189,-0.009613,-0.003149,0.000000,0.000000
2024-11-30,0.032865,0.056781,0.015603,0.000000,0.000000
2024-12-31,0.017200,-0.018043,-0.005509,0.000000,0.000000
2025-01-31,0.000000,0.027476,0.007730,0.000000,0.000000
2025-02-28,0.000000,-0.013118,-0.006331,0.000000,0.000000
2025-03-31,0.000000,-0.056940,-0.019039,0.000000,0.000000
2025-04-30,0.000000,0.043656,0.009694,0.000000,0.000000
2025-05-31,0.000000,0.052887,0.014622,0.000000,0.000000
2025-06-30,0.000000,0.010547,0.001987,0.000000,0.000000
2025-07-31,0.000000,0.044597,0.011332,0.000000,0.000000
2025-08-31,0.000000,0.018024,0.005452,0.000000,0.000000
2025-09-30,0.000000,-0.036083,-0.010494,0.000000,0.000000
2025-10-31,0.000000,0.027436,0.008579,0.000000,0.000000
2025-11-30,0.000000,0.015633,0.004786,0.000000,0.000000
2025-12-31,0.000000,0.005230,0.001504,0.000000,0.000000
2026-01-31,0.000000,0.012383,0.003306,0.000000,0.000000
2026-02-28,0.000000,0.021125,0.006595,0.000000,0.000000
2026-03-31,0.000000,0.004745,0.001425,0.000000,0.000000
2026-04-30,0.000000,0.024712,0.007493,0.000000,0.000000
2026-05-31,0.000000,0.016842,0.005104,0.000000,0.000000
2026-06-30,0.183081,-0.010293,0.000386,-0.093966,-0.011484
2026-07-31,-0.221671,0.000348,0.021807,0.000032,-0.065675
2026-08-31,0.092314,0.039235,0.008709,0.000002,0.016729