name_of_issuer,cusip,value_usd_thousands,shares,put_call,ticker
MICROSOFT CORP,594918104,1873853,8991615,,MSFT
FACEBOOK INC,30303M102,1078833,4119255,,
JOHNSON & JOHNSON,478160104,690728,4696274,,JNJ
PROCTER AND GAMBLE CO,742718109,661626,4787799,,
MERCK & CO. INC,58933Y105,563060,6852381,,
ALPHABET INC,02079K107,432929,294590,,GOOGN
BEST BUY INC,086516101,429171,3892356,,
PEPSICO INC,713448108,397282,2868878,,PEP
ALLSTATE CORP,020002101,387599,4131308,,ALL-PB
WALMART INC,931142103,384701,2781639,,WMT
LOWES COS INC,548661107,374670,2275833,,
BERKSHIRE HATHAWAY INC DEL,084670702,322347,1513791,,BRK-A
ABBVIE INC,00287Y109,315233,3627540,,ABBV
AMGEN INC,031162100,296735,1185140,,AMGN
THERMO FISHER SCIENTIFIC INC,883556102,296595,675493,,TMO
SKYWORKS SOLUTIONS INC,83088M102,292591,2010937,,
ISHARES TR,464287200,290679,864962,,
CISCO SYS INC,17275R102,286020,7261243,,
VISA INC,92826C839,251477,1257575,,V
INVESCO QQQ TR,46090E103,231524,833300,CALL,
EBAY INC.,278642103,214222,4111756,,EBAY
BOOKING HOLDINGS INC,09857L108,208358,122224,,BKNG
ORACLE CORP,68389X105,206353,3456500,,ORCL-PD
HP INC,40434L105,204013,10743176,,HPQ
APPLIED MATLS INC,038222105,193302,3252593,,
BRISTOL-MYERS SQUIBB CO,110122108,187786,3137088,,
JAZZ PHARMACEUTICALS PLC,G50871105,184392,1304231,,JAZZ
LAM RESEARCH CORP,512807108,182551,550268,,LRCX
QORVO INC,74736K101,181634,1407910,,
VERTEX PHARMACEUTICALS INC,92532F100,171583,631772,,
MCKESSON CORP,58155Q103,169746,1153869,,MCK
CVS HEALTH CORP,126650100,169075,2903323,,CVS
VANGUARD TAX-MANAGED INTL FD,921943858,168039,4108521,,
ROBERT HALF INTL INC,770323103,164308,3103672,,
WASTE MGMT INC DEL,94106L109,156000,1378454,,
C H ROBINSON WORLDWIDE INC,12541W209,153148,1498657,,
GARMIN LTD,H2906T109,152395,1606521,,GRMN
EVEREST RE GROUP LTD,G3223R108,144013,729031,,
VERISIGN INC,92343E102,142852,697348,,
AMERISOURCEBERGEN CORP,03073E105,141929,1476735,,
BANK NEW YORK MELLON CORP,064058100,141916,4152018,,
REPUBLIC SVCS INC,760759100,141042,1511060,,
SYNNEX CORP,87162W100,137346,980622,,
ECOLAB INC,278865100,136114,681115,,ECL
CUMMINS INC,231021106,135921,643687,,CMI
ABBOTT LABS,002824100,135117,1274092,,
CDW CORP,12514G108,131342,1098824,,CDW
T-MOBILE US INC,872590104,131137,1160194,,
MANPOWERGROUP INC,56418H100,126548,1725739,,MAN
EXPEDITORS INTL WASH INC,302130109,126090,1392948,,
BIO RAD LABS INC,090572207,120991,234724,,
YUM BRANDS INC,988498101,113775,1246169,,YUM
AUTODESK INC,052769106,112481,486909,,
CARDINAL HEALTH INC,14149Y108,110641,2372741,,CAH
TYSON FOODS INC,902494103,110303,1854458,,
MYLAN NV,N59465109,109858,7422849,,
PRICE T ROWE GROUP INC,74144T108,107204,836682,,TROW
KLA CORP,482480100,106910,552166,,KLAC
AMDOCS LTD,G02602103,106758,1859579,,DOX
AMERIPRISE FINL INC,03076C106,104019,680399,,
LOCKHEED MARTIN CORP,539830109,103746,270680,,LMT
JABIL INC,466313103,103232,3024683,,JBL
TRAVELERS COMPANIES INC,89417E109,102501,949787,,
CADENCE DESIGN SYSTEM INC,127387108,101540,953244,,
DECKERS OUTDOOR CORP,243537107,98787,452299,,DECK
OMNICOM GROUP INC,681919106,96294,1945343,,OMC
SMUCKER J M CO,832696405,95998,846242,,
UNITED THERAPEUTICS CORP DEL,91307C102,95248,943050,,UTHR
PHILIP MORRIS INTL INC,718172109,95056,1270461,,
LINDE PLC,G5494J103,92624,390586,,LIN
ALTRIA GROUP INC,02209S103,91816,2376189,,
PROGRESSIVE CORP,743315103,91517,973996,,
CHARLES RIV LABS INTL INC,159864107,90865,406754,,
XEROX HOLDINGS CORP,98421M106,90273,4809414,,XRXDW
BAXTER INTL INC,071813109,89855,1134527,,
PROLOGIS INC.,74340W103,89558,894154,,
COMCAST CORP NEW,20030N101,89359,1931675,,CCZ
NETFLIX INC,64110L106,88752,178936,,NFLX
AUTONATION INC,05329W102,88358,1672809,,
VEEVA SYS INC,922475108,86227,306704,,
SNAP ON INC,833034101,83253,567272,,
MASCO CORP,574599106,82780,1501545,,
QUANTA SVCS INC,74762E102,82552,1561717,,
NORTONLIFELOCK INC,668771108,81072,3890227,,
ASSURANT INC,04621X108,80552,664017,,
WALGREENS BOOTS ALLIANCE INC,931427108,80262,2243849,,
SEAGATE TECHNOLOGY PLC,G7945M107,80075,1625226,,
CIGNA CORP NEW,125523100,78933,472622,,
CONSOLIDATED EDISON INC,209115104,78873,1017842,,ED
STATE STR CORP,857477103,78458,1322408,,
MOLINA HEALTHCARE INC,60855R100,73578,421988,,
LYONDELLBASELL INDUSTRIES N,N53745100,73207,1038541,,
CERNER CORP,156782104,70854,982441,,
ACUITY BRANDS INC,00508Y102,70514,688948,,
GENERAL ELECTRIC CO,369604103,70311,11285862,,GE
POPULAR INC,733174700,69992,1929739,,
NORTHROP GRUMMAN CORP,666807102,69788,221205,,
WILLIAMS SONOMA INC,969904101,69450,772959,,WSM
ISHARES INC,46434G103,68917,1305243,,
MONDELEZ INTL INC,609207105,67971,1196033,,
INTERNATIONAL PAPER CO,460146103,67500,1665010,,
UNIVERSAL HLTH SVCS INC,913903100,67489,630623,,
PACCAR INC,693718108,66461,779327,,PCAR
PACKAGING CORP AMER,695156109,65496,600767,,
S&P GLOBAL INC,78409V104,65371,182229,,SPGI
DUKE ENERGY CORP NEW,26441C204,65010,734075,,DUK-PA
LKQ CORP,501889208,64557,2328052,,LKQ
REGAL BELOIT CORP,758750103,64131,683187,,
EQUINIX INC,29444U700,63294,83267,,EQIX
BORGWARNER INC,099724106,62828,1637003,,BWA
SHERWIN WILLIAMS CO,824348106,62594,89839,,SHW
DICKS SPORTING GOODS INC,253393102,61232,1057909,,
NVR INC,62944T105,60588,14960,,NVR
OSHKOSH CORP,688239201,60413,821943,,OSK
PUBLIC SVC ENTERPRISE GRP IN,744573106,60285,1097883,,
TAL EDUCATION GROUP,874080104,60120,790640,,TAL
L BRANDS INC,501797104,59149,1859440,,
RESMED INC,761152107,58831,343178,,RSMDF
INTERCONTINENTAL EXCHANGE IN,45866F104,58814,588318,,
FIDELITY NATIONAL FINANCIAL,31620R303,58580,1870972,,
XILINX INC,983919101,58195,558279,,
CSX CORP,126408103,57977,746458,,CSX
CACI INTL INC,127190304,57382,269197,,
RALPH LAUREN CORP,751212101,56591,832588,,RL
PINNACLE WEST CAP CORP,723484101,55878,753991,,
GRAINGER W W INC,384802104,55460,155451,,
TIMKEN CO,887389104,55051,1015323,,TKR
QURATE RETAIL INC,74915M100,55050,7667112,,
WERNER ENTERPRISES INC,950755108,54844,1306128,,WERN
UNITED PARCEL SERVICE INC,911312106,54725,328420,,UPS
NU SKIN ENTERPRISES INC,67018T105,53842,1074910,,
EXELIXIS INC,30161Q104,53745,2198148,,
ALLIANCE DATA SYSTEMS CORP,018581108,52794,1257590,,
PRA HEALTH SCIENCES INC,69354M108,52585,530410,,
HONEYWELL INTL INC,438516106,52297,317705,,
HANESBRANDS INC,410345102,51953,3298577,,
TRI POINTE GROUP INC,87265H109,51830,2931541,,
UNITED RENTALS INC,911363109,51825,296992,,
COMMERCIAL METALS CO,201723103,51363,2570713,,CMC
BLOCK H & R INC,093671105,51285,3148270,,
OREILLY AUTOMOTIVE INC,67103H107,50994,111779,,
MDU RES GROUP INC,552690109,50671,2271213,,
F5 NETWORKS INC,315616102,50450,410930,,
FORTUNE BRANDS HOME & SEC IN,34964C106,49935,580975,,
SPROUTS FMRS MKT INC,85208M102,49653,2372313,,
VISHAY INTERTECHNOLOGY INC,928298108,49553,3182602,,VSH
FASTENAL CO,311900104,49498,1097751,,FAST
WORLD FUEL SVCS CORP,981475106,49408,2331657,,
MOLSON COORS BEVERAGE CO,60871R209,48875,1456356,,TAP
SVB FINANCIAL GROUP,78486Q101,48683,202325,,
RENAISSANCERE HLDGS LTD,G7496G103,48462,285943,,
HARTFORD FINL SVCS GROUP INC,416515104,47725,1294758,,
MURPHY USA INC,626755102,47671,371645,,MUSA
WAYFAIR INC,94419L101,47390,162847,,W
LENNAR CORP,526057104,47104,582030,,
APPLE INC,037833100,46556,402174,,AAPL
NEW ORIENTAL ED & TECHNOLOGY,647581107,46311,309770,,
WIPRO LTD,97651M109,46131,9815095,,WIT
INTERPUBLIC GROUP COS INC,460690100,45882,2752343,,
POLARIS INC,731068102,45786,485334,,PII
SEMPRA ENERGY,816851109,45193,383346,,
ZEBRA TECHNOLOGIES CORPORATI,989207105,45181,178962,,
PERKINELMER INC,714046109,45091,362180,,
MORGAN STANLEY,617446448,45018,938079,,MS-PQ
KB HOME,48666K109,44889,1171437,,KBH
DTE ENERGY CO,233331107,44374,385725,,DTG
UNUM GROUP,91529Y106,44353,2636912,,UNMA
HUBBELL INC,443510607,44302,323751,,HUBB
MARSH & MCLENNAN COS INC,571748102,43809,384557,,
SALESFORCE COM INC,79466L302,43422,173709,,
SYNAPTICS INC,87157D109,42899,533437,,SYNA
NEWMARKET CORP,651587107,42895,125308,,NEU
HILL ROM HLDGS INC,431475102,42696,516967,,
PENTAIR PLC,G7S00T104,42687,932646,,PNR
TRANE TECHNOLOGIES PLC,G8994E103,41934,345851,,TT
IQVIA HLDGS INC,46266C105,41589,265659,,
EASTMAN CHEM CO,277432100,40930,523938,,
US BANCORP DEL,902973304,40687,1144813,,
STERIS PLC,G8473T100,40593,234073,,STE
ASSOCIATED BANC CORP,045487105,40478,3207479,,
AON PLC,G0403H108,40348,196714,,AON
MSC INDL DIRECT INC,553530106,40033,632633,,
EQUITABLE HLDGS INC,29452E101,39834,2183891,,
OWENS CORNING NEW,690742101,39695,581789,,OC
AVNET INC,053807103,39555,1530785,,AVT
THOR INDS INC,885160101,39464,414280,,
SCHNEIDER NATIONAL INC,80689H102,39463,1595771,,
CARLISLE COS INC,142339100,39418,322782,,
AGCO CORP,001084102,39128,533230,,
RELIANCE STEEL & ALUMINUM CO,759509102,39126,383433,,
ROCKWELL AUTOMATION INC,773903109,39054,176969,,
D R HORTON INC,23331A109,38853,518870,,
MILLER HERMAN INC,600544100,38657,1281739,,
CURTISS WRIGHT CORP,231561101,38396,411707,,CW
CHARTER COMMUNICATIONS INC N,16119P108,38187,61163,,
CIRRUS LOGIC INC,172755100,38113,571671,,
SALLY BEAUTY HLDGS INC,79546E104,37528,4318489,,
SYNCHRONY FINANCIAL,87165B103,37457,1431298,,SYF-PB
TELADOC HEALTH INC,87918A105,37350,171261,,
FOOT LOCKER INC,344849104,37243,1127543,,
CARTERS INC,146229109,36828,425412,,CRI
YELP INC,985817105,36156,1799677,,YELP
QUEST DIAGNOSTICS INC,74834L100,36144,315693,,DGX
GENTEX CORP,371901109,35847,1392109,,GNTX
DOMTAR CORP,257559203,35466,1350046,,
FEDERATED HERMES INC,314211103,35458,1660022,,
AMC NETWORKS INC,00164V103,35425,1433634,,
GENERAL DYNAMICS CORP,369550108,35080,253411,,GD
MATCH GROUP INC NEW,57667L107,34731,317351,,
COSTAR GROUP INC,22160N109,34341,40472,,
ALIGN TECHNOLOGY INC,016255101,34328,105004,,ALGN
CBOE GLOBAL MARKETS INC,12503M108,33304,379576,,
SERVICENOW INC,81762P102,33295,68649,,
FTI CONSULTING INC,302941109,33150,312823,,
J2 GLOBAL INC,48123V102,32844,474484,,
AVIENT CORPORATION,05368V106,32786,1239067,,AVNT
ISHARES TR,464287655,32785,218871,,
CIENA CORP,171779309,32523,819416,,CIEN
FIRST AMERN FINL CORP,31847R102,32474,637878,,
PENSKE AUTOMOTIVE GRP INC,70959W103,32163,674852,,
UNION PAC CORP,907818108,32098,163043,,
JACK IN THE BOX INC,466367109,31969,403089,,JACK
TRIP COM GROUP LTD,89677Q107,31700,1017988,,
BRINKER INTL INC,109641100,31449,736161,,
BROWN FORMAN CORP,115637209,31394,416806,,BF-B
GENERAL MTRS CO,37045V100,31288,1069681,,
WHIRLPOOL CORP,963320106,31256,169969,,
HENRY JACK & ASSOC INC,426281101,31155,192045,,
EMCOR GROUP INC,29084Q100,30906,456449,,
HOWMET AEROSPACE INC,443201108,30700,1836095,,HWM
HORIZON THERAPEUTICS PUB L,G46188101,30594,393846,,
AVERY DENNISON CORP,053611109,30054,237505,,AVY
HD SUPPLY HLDGS INC,40416M105,29925,725638,,
ITT INC,45073V108,29840,505337,,ITT
SOLAREDGE TECHNOLOGIES INC,83417M104,29569,127100,,
DARDEN RESTAURANTS INC,237194105,29426,292103,,DRI
SYNEOS HEALTH INC,87166B102,29412,553273,,
IAC INTERACTIVECORP NEW,44891N109,29317,244758,,
MANHATTAN ASSOCS INC,562750109,29225,306049,,
VALERO ENERGY CORP,91913Y100,28987,669137,,
CAMPBELL SOUP CO,134429109,28708,596222,,
ANALOG DEVICES INC,032654105,28534,244425,,ADI
SBA COMMUNICATIONS CORP NEW,78410G104,28401,89876,,SBAC
CASEYS GEN STORES INC,147528103,28390,159811,,
DANA INCORPORATED,235825205,28199,2288840,,
ALLISON TRANSMISSION HLDGS I,01973R101,27878,793338,,
SKECHERS U S A INC,830566105,27482,955552,,
AMPHENOL CORP NEW,032095101,27327,252398,,
BRUNSWICK CORP,117043109,27186,461484,,BC-PC
TERADYNE INC,880770102,26604,334804,,
SEATTLE GENETICS INC,812578102,26262,135213,,
COOPER COS INC,216648402,25888,77329,,
DUNKIN BRANDS GROUP INC,265504100,25786,315344,,
GRAHAM HLDGS CO,384637104,25781,65103,,
CABOT CORP,127055101,25669,712426,,CBT
NORTHWESTERN CORP,668074305,25348,521131,,
MARRIOTT VACTINS WORLDWID CO,57164Y107,25281,278398,,
BOSTON BEER INC,100557107,25243,28685,,
SLM CORP,78442P106,25037,3094786,,SLMBP
MASTEC INC,576323109,24983,592021,,MTZ
ARCHER DANIELS MIDLAND CO,039483102,24900,537097,,
CAESARS ENTERTAINMENT INC NE,12769G100,24661,439898,,
EXTENDED STAY AMER INC,30224P200,24609,2059321,,
EOG RES INC,26875P101,24583,684013,,
MAXIMUS INC,577933104,24561,359025,,
AMERCO,023586100,24558,68986,,
CABLE ONE INC,12685J105,24184,13448,,
COMMERCE BANCSHARES INC,200525103,24032,432625,,
RH,74967X103,24017,62770,,RH
HCA HEALTHCARE INC,40412C101,23945,192052,,
KOHLS CORP,500255104,23864,1287859,,KSS
FRANKLIN RESOURCES INC,354613101,23821,1178113,,BEN
SIBANYE STILLWATER LTD,82575P107,23816,2137900,,SBYSF
HEALTHCARE SVCS GROUP INC,421906108,23668,1099289,,
QUIDEL CORP,74838J101,23452,108305,,
TAPESTRY INC,876030107,23081,1476684,,
ASSURED GUARANTY LTD,G0585R106,22957,1086990,,AGO
MOODYS CORP,615369105,22860,79192,,
FAIR ISAAC CORP,303250104,22784,53562,,FICO
SILGAN HOLDINGS INC,827048109,22694,619199,,SLGN
EXXON MOBIL CORP,30231G102,22604,658445,,
OLD REP INTL CORP,680223104,22563,1530750,,
SPECTRUM BRANDS HLDGS INC NE,84790A105,22547,395072,,
TE CONNECTIVITY LTD,H84989104,22424,229429,,
PILGRIMS PRIDE CORP,72147K108,22249,1486753,,PPC
FLOWERS FOODS INC,343498101,22153,919580,,FLO
GLOBUS MED INC,379577208,22036,448164,,
PERRIGO CO PLC,G97822103,21989,478963,,PRGO
BRIGHTHOUSE FINL INC,10922N103,21830,811212,,
TELEDYNE TECHNOLOGIES INC,879360105,21825,70357,,TDY
CRANE CO,224399105,21812,435105,,CR
PARKER-HANNIFIN CORP,701094104,21655,107021,,PH
HASBRO INC,418056107,21328,257837,,
ETSY INC,29786A106,21262,174808,,ETSY
IDEX CORP,45167R104,21204,116245,,
STIFEL FINL CORP,860630102,21101,417348,,
CARRIER GLOBAL CORPORATION,14448C104,20959,686278,,CARR
MACQUARIE INFRASTRUCTURE COR,55608B105,20892,791975,,
IDEXX LABS INC,45168D104,20855,54017,,
BOSTON SCIENTIFIC CORP,101137107,20772,549232,,BSX
HEXCEL CORP NEW,428291108,20703,617072,,
ALLIANT ENERGY CORP,018802108,20617,401427,,LNT
CAPRI HOLDINGS LIMITED,G1890L107,20615,1145263,,
GLOBAL PMTS INC,37940X102,20606,116040,,
DOVER CORP,260003108,20533,189525,,DOV
FLOWSERVE CORP,34354P105,20412,747967,,FLS
BERKSHIRE HATHAWAY INC DEL,084670108,20160,63,,BRK-A
TELEPHONE & DATA SYS INC,879433829,20086,1089266,,
WATSCO INC,942622200,20059,86132,,WSO-B
NVENT ELECTRIC PLC,G6700G107,19936,1126954,,NVT
BERKLEY W R CORP,084423102,19898,325824,,WRB-PH
FIRST CTZNS BANCSHARES INC N,31946M103,19870,62332,,
TEXTRON INC,883203101,19676,545184,,TXT
WENDYS CO,95058W100,19674,882424,,
ASPEN TECHNOLOGY INC,045327103,19648,155210,,
GALLAGHER ARTHUR J & CO,363576109,19571,187010,,
DOLBY LABORATORIES INC,25659T107,19570,295266,,
DELUXE CORP,248019101,19435,755361,,DLX
MKS INSTRS INC,55306N104,19429,177869,,
KBR INC,48242W106,19423,868652,,
SONOCO PRODS CO,835495102,19422,382246,,
ESSENTIAL UTILS INC,29670G102,19371,486823,,
DARLING INGREDIENTS INC,237266101,19243,537655,,DAR
EQUITY RESIDENTIAL,29476L107,19176,373589,,EQR
PPL CORP,69351T106,19010,701725,,PPLC
GRAPHIC PACKAGING HLDG CO,388689101,19008,1367475,,
MINERALS TECHNOLOGIES INC,603158106,18882,369507,,MTX
TEXAS ROADHOUSE INC,882681109,18778,308903,,
EPAM SYS INC,29414B104,18728,57931,,
GREIF INC,397624107,18574,512961,,
CHEMED CORP NEW,16359R103,18483,38494,,CHE
TIM PARTICIPACOES S A,88706P205,18280,1585471,,
DROPBOX INC,26210C104,18273,948756,,
CAPITAL ONE FINL CORP,14040H105,18159,252700,,
VISTRA CORP,92840M102,18074,959364,,VST
JUNIPER NETWORKS INC,48203R104,17990,836740,,
BROADRIDGE FINL SOLUTIONS IN,11133T103,17938,135999,,
VMWARE INC,928563402,17756,123591,,
HUNTSMAN CORP,447011107,17683,796162,,HUN
GRAFTECH INTL LTD,384313508,17667,2582889,,
NUVASIVE INC,670704105,17646,368386,,
SPDR S&P 500 ETF TR,78462F103,17548,52400,CALL,
OGE ENERGY CORP,670837103,17502,587919,,OGE
ARAMARK,03852U106,17456,659952,,ARMK
IDACORP INC,451107106,17441,218283,,IDA
GENERAC HLDGS INC,368736104,17410,91588,,
TERADATA CORP DEL,88076W103,17391,766136,,
HAWAIIAN ELEC INDUSTRIES,419870100,17330,524361,,
MAXIM INTEGRATED PRODS INC,57772K101,17215,254619,,
AARONS INC,002535300,17144,302635,,
AMERICAN EXPRESS CO,025816109,17104,172008,,AXP
EDGEWELL PERS CARE CO,28035Q102,17022,614302,,
NUANCE COMMUNICATIONS INC,67020Y100,17018,514924,,
RAYTHEON TECHNOLOGIES CORP,75513E101,17009,295601,,
TJX COS INC NEW,872540109,16997,306534,,
PRESTIGE CONSMR HEALTHCARE I,74112D101,16994,474033,,
LUMEN TECHNOLOGIES INC,156700106,16796,1664662,,
CONOCOPHILLIPS,20825C104,16767,510571,,COP
DENTSPLY SIRONA INC,24906P109,16746,387726,,XRAY
ALLEGHANY CORP DEL,017175100,16653,32006,,
ALASKA AIR GROUP INC,011659109,16565,452217,,
GARTNER INC,366651107,16364,130961,,IT
DOLLAR TREE INC,256746108,16263,179046,,
F N B CORP,302520101,16213,2391262,,
ZIMMER BIOMET HOLDINGS INC,98956P102,16138,118540,,
EATON VANCE CORP,278265103,16077,421418,,
CREDICORP LTD,G2519Y108,16021,129215,,BAP
SOUTHERN CO,842587107,15848,293313,,SOMN
HANOVER INS GROUP INC,410867105,15811,170215,,
POOL CORP,73278L105,15793,47376,,POOL
ONEMAIN HLDGS INC,68268W103,15646,500673,,
ICU MED INC,44930G107,15611,85420,,
ADT INC DEL,00090Q103,15540,1902125,,ADT
ALIBABA GROUP HLDG LTD,01609W102,15457,52580,,
HOLLYFRONTIER CORP,436106108,15416,782121,,
NCR CORP NEW,62886E108,15304,691228,,
CHEMOURS CO,163851108,15265,733909,,CC
TEGNA INC,87901J105,15132,1287798,,
MARKETAXESS HLDGS INC,57060D108,14885,30908,,
SMITH A O CORP,831865209,14858,281394,,AOS
CENTENE CORP DEL,15135B101,14733,255159,,CNC
CORTEVA INC,22052L104,14667,509103,,
WORLD WRESTLING ENTMT INC,98156Q108,14553,359588,,
CBRE GROUP INC,12504L109,14473,308123,,
CHEVRON CORP NEW,166764100,14392,199890,,CVX
EAST WEST BANCORP INC,27579R104,14373,438996,,EWBC
CORELOGIC INC,21871D103,14336,211857,,
PAYCOM SOFTWARE INC,70432V102,14307,46718,,
CONSTELLATION BRANDS INC,21036P108,14228,75479,,
VEDANTA LIMITED,92242Y100,14198,1921229,,
ASGN INC,00191U102,14183,223145,,
BOYD GAMING CORP,103304101,14120,460080,,BYD
HUAZHU GROUP LTD,44332N106,14032,324512,,
WESCO INTL INC,95082P105,14020,318487,,
BIO-TECHNE CORP,09073M104,13997,56503,,TECH
PERSPECTA INC,715347100,13813,710162,,
ADTALEM GLOBAL ED INC,00737L103,13742,559992,,
ARISTA NETWORKS INC,040413106,13697,66190,,
ENERGIZER HLDGS INC NEW,29272W109,13620,347982,,
UGI CORP NEW,902681105,13553,413066,,
AUTOHOME INC,05278C107,13524,140877,,ATHM
TAKE-TWO INTERACTIVE SOFTWAR,874054109,13489,81645,,
NEWELL BRANDS INC,651229106,13473,785143,,NWL
TEREX CORP NEW,880779103,13451,694797,,TEX
TRIPADVISOR INC,896945201,13394,683724,,
COMMVAULT SYSTEMS INC,204166102,13389,328162,,CVLT
VARIAN MED SYS INC,92220P105,13380,77789,,
EVERCORE INC,29977A105,13291,203913,,EVR
CREDIT ACCEP CORP MICH,225310101,13290,39668,,
SCIENCE APPLICATIONS INTL CO,808625107,13188,168173,,
COMERICA INC,200340107,13158,344100,,
AIR LEASE CORP,00912X302,13074,444406,,
WYNDHAM DESTINATIONS INC,98310W108,13032,423662,,
MGM RESORTS INTERNATIONAL,552953101,13022,598695,,MGM
BIOGEN INC,09062X103,12860,45405,,BIIB
MASIMO CORP,574795100,12850,55315,,
DR REDDYS LABS LTD,256135203,12801,184022,,
CNO FINL GROUP INC,12621E103,12791,797934,,
WEYERHAEUSER CO MTN BE,962166104,12719,445955,,
SENSIENT TECHNOLOGIES CORP,81725T100,12637,218863,,SXT
PAPA JOHNS INTL INC,698813102,12566,152723,,
ALLY FINL INC,02005N100,12535,500013,,
BOSTON PROPERTIES INC,101121101,12501,155675,,
GENUINE PARTS CO,372460105,12416,131021,,GPC
LEAR CORP,521865204,12340,113162,,LEA
BJS WHSL CLUB HLDGS INC,05550J101,12339,302658,,
DONALDSON INC,257651109,12220,263250,,
VALVOLINE INC,92047W101,12199,640696,,VVV
NAVIENT CORPORATION,63938C108,12139,1436515,,JSM
CELANESE CORP DEL,150870103,12120,112799,,CE
INTEGRA LIFESCIENCES HLDGS C,457985208,12108,260107,,
CAMDEN PPTY TR,133131102,12095,135932,,
WW INTL INC,98262P101,12055,646354,,
KELLOGG CO,487836108,12018,188699,,
TENET HEALTHCARE CORP,88033G407,12011,490049,,THC
SENSATA TECHNOLOGIES HLDNG P,G8060N102,11951,277019,,
CITIZENS FINL GROUP INC,174610105,11934,475632,,
INCYTE CORP,45337C102,11818,131694,,INCY
TREEHOUSE FOODS INC,89469A104,11717,289666,,
MONOLITHIC PWR SYS INC,609839105,11654,42036,,
AVIS BUDGET GROUP,053774105,11528,437996,,
ARROW ELECTRS INC,042735100,11411,145063,,
FLIR SYS INC,302445101,11374,317273,,
TYLER TECHNOLOGIES INC,902252105,11290,32439,,TYL
RAYMOND JAMES FINL INC,754730109,11226,154843,,
CRACKER BARREL OLD CTRY STOR,22410J106,11210,97764,,
MARKEL CORP,570535104,11191,11493,,
IPG PHOTONICS CORP,44980X109,11011,64867,,IPGP
WELLTOWER INC,95040Q104,10928,198373,,WELL
COPA HOLDINGS SA,P31076105,10917,216860,,
LAMB WESTON HLDGS INC,513272104,10916,164716,,
LABORATORY CORP AMER HLDGS,50540R409,10894,58156,,
TEMPUR SEALY INTL INC,88023U101,10879,121977,,
CERENCE INC,156727109,10862,222271,,CRNC
ENERSYS,29275Y102,10763,160359,,ENS
CORESITE RLTY CORP,21870Q105,10762,90529,,
ZIONS BANCORPORATION N A,989701107,10556,361247,,
CMS ENERGY CORP,125896100,10552,172109,,CMS-PC
ZSCALER INC,98980G102,10544,74947,,
MERCURY GENL CORP NEW,589400100,10501,253843,,
INVESCO LTD,G491BT108,10366,908509,,IVZ
ALNYLAM PHARMACEUTICALS INC,02043Q107,10349,71781,,
WINTRUST FINL CORP,97650W108,10312,257490,,
FULTON FINL CORP PA,360271100,10293,1103189,,
AMERICAN FINL GROUP INC OHIO,025932104,10224,152647,,
CHIPOTLE MEXICAN GRILL INC,169656105,10206,8206,,CMG
MGIC INVT CORP WIS,552848103,10187,1149738,,
FIFTH THIRD BANCORP,316773100,10081,473490,,FITB-PK
ADVANCE AUTO PARTS INC,00751Y106,10009,65528,,AAP
KAR AUCTION SVCS INC,48238T109,9988,693620,,
MOSAIC CO NEW,61945C103,9945,545241,,MOS
FISERV INC,337738108,9915,96213,,FISV
SYNOVUS FINL CORP,87161C501,9784,462150,,
CATHAY GEN BANCORP,149150104,9754,449903,,
LPL FINL HLDGS INC,50212V100,9735,126968,,
BLACKBAUD INC,09227Q100,9683,173435,,BLKB
TIFFANY & CO NEW,886547108,9654,83329,,
BK OF AMERICA CORP,060505104,9529,397026,,
ZYNGA INC,98986T108,9436,1034634,,
BRUKER CORP,116794108,9342,235027,,BRKRP
REALTY INCOME CORP,756109104,9223,151817,,O
PVH CORPORATION,693656100,9215,154506,,
TRANSUNION,89400J107,9194,109282,,TRU
GOLDMAN SACHS GROUP INC,38141G104,9087,45218,,GS-PD
BERRY GLOBAL GROUP INC,08579W103,9073,188191,,
ALKERMES PLC,G01767105,9033,553464,,ALKS
CONAGRA BRANDS INC,205887102,8997,254229,,CAG
ROPER TECHNOLOGIES INC,776696106,8982,22734,,ROP
TAIWAN SEMICONDUCTOR MFG LTD,874039100,8965,110580,,
MERITAGE HOMES CORP,59001A102,8955,81120,,MTH
SERVICE PPTYS TR,81761L102,8944,1125024,,
TETRA TECH INC NEW,88162G103,8874,93027,,TTEK
VIRTU FINL INC,928254101,8861,385092,,
SPOTIFY TECHNOLOGY S A,L8681T102,8790,36235,,
QUALYS INC,74758T303,8779,89574,,
HIGHWOODS PPTYS INC,431284108,8756,260835,,
KILROY RLTY CORP,49427F108,8593,165372,,
SOUTHWEST GAS HOLDINGS INC,844895102,8529,136130,,
ARCONIC CORPORATION,03966V107,8524,447443,,
KINDER MORGAN INC DEL,49456B101,8484,688072,,
LIFE STORAGE INC,53223X107,8442,80197,,
ELEMENT SOLUTIONS INC,28618M106,8365,795876,,ESI
AXALTA COATING SYS LTD,G0750C108,8331,375776,,
BANCO SANTANDER CHILE NEW,05965X109,8296,598581,,BSAC
PFIZER INC,717081103,8282,225679,,PFE
ALEXION PHARMACEUTICALS INC,015351109,8190,71991,,
SCIENTIFIC GAMES CORP,80874P109,8186,234500,,
BIOMARIN PHARMACEUTICAL INC,09061G101,8177,107476,,BMRN
EQT CORP,26884L109,8147,630119,,EQT
KEYSIGHT TECHNOLOGIES INC,49338L103,8109,82088,,
BUNGE LIMITED,G16962105,8075,177007,,
ZILLOW GROUP INC,98954M200,7994,78688,,
PINTEREST INC,72352L106,7883,190094,,
WESTERN ALLIANCE BANCORP,957638109,7870,248893,,WAL-PA
NORDSON CORP,655663102,7801,40669,,NDSN
SANMINA CORPORATION,801056102,7750,286508,,SANM
SQUARE INC,852234103,7736,47594,,
ALBEMARLE CORP,012653101,7673,86432,,ALB-PA
UFP INDUSTRIES INC,90278Q108,7656,135487,,UFPI
ROKU INC,77543R102,7612,40317,,
GAP INC,364760108,7541,442829,,GAP
PRUDENTIAL FINL INC,744320102,7498,118065,,
COLUMBIA SPORTSWEAR CO,198516106,7467,85848,,COLM
ICICI BANK LIMITED,45104G104,7457,758620,,
BELDEN INC,077454106,7387,237385,,BDC
PTC INC,69370C100,7358,89280,,PTC
TARGET CORP,87612E106,7322,46524,,TGT
CF INDS HLDGS INC,125269100,7265,236569,,
DELL TECHNOLOGIES INC,24703L202,7208,106484,,DELL
STRATEGIC ED INC,86272C103,7198,78691,,
NETAPP INC,64110D104,7182,163834,,
COMPANHIA DE SANEAMENTO BASI,20441A102,7181,865212,,
MSCI INC,55354G100,7133,19993,,MSCI
WEX INC,96208T104,7058,50790,,WEX
AMKOR TECHNOLOGY INC,031652100,7029,627556,,
HAEMONETICS CORP,405024100,6978,81041,,HAE
JEFFERIES FINL GROUP INC,47233W109,6967,387041,,
INTERNATIONAL BUSINESS MACHS,459200101,6937,57017,,
PARAMOUNT GROUP INC,69924R108,6898,974287,,
NETSCOUT SYS INC,64115T104,6893,315754,,
NUCOR CORP,670346105,6879,153339,,NUE
UMB FINL CORP,902788108,6864,140061,,
VULCAN MATLS CO,929160109,6728,49900,,
ROYAL GOLD INC,780287108,6706,56474,,RGLD
UNIVAR SOLUTIONS USA INC,91336L107,6705,397212,,
LUMENTUM HLDGS INC,55024U109,6676,88856,,
HNI CORP,404251100,6657,212151,,HNI
DEXCOM INC,252131107,6593,16366,,DXCM
URBAN EDGE PPTYS,91704F104,6564,675315,,
TAYLOR MORRISON HOME CORP,87724P106,6559,266733,,
REINSURANCE GRP OF AMERICA I,759351604,6551,68822,,
F M C CORP,302491303,6535,61701,,
FLEETCOR TECHNOLOGIES INC,339041105,6495,27280,,
LIONS GATE ENTMNT CORP,535919401,6476,684600,,
DISCOVERY INC,25470F104,6472,297301,,
MASTERCARD INCORPORATED,57636Q104,6471,19135,,
EURONET WORLDWIDE INC,298736109,6461,71076,,
WESTLAKE CHEM CORP,960413102,6436,101807,,
STAMPS COM INC,852857200,6407,26590,,
UNITED STATES CELLULAR CORP,911684108,6363,215492,,
BUILDERS FIRSTSOURCE INC,12008R107,6349,194637,,
OTIS WORLDWIDE CORP,68902V107,6335,101496,,OTIS
KFORCE INC,493732101,6323,196544,,KFRC
UNIVERSAL DISPLAY CORP,91347P105,6318,34968,,
KRAFT HEINZ CO,500754106,6294,210585,,KHC
PENN NATL GAMING INC,707569109,6264,86163,,
IMMUNOMEDICS INC,452907108,6254,73546,,
OWENS & MINOR INC NEW,690732102,6190,246527,,
VALMONT INDS INC,920253101,6187,49941,,
WILLIS TOWERS WATSON PLC LTD,G96629103,6169,29541,,WTW
DOMINOS PIZZA INC,25754A201,6139,14476,,DPZ
MEDPACE HLDGS INC,58506Q109,6079,54402,,
JETBLUE AWYS CORP,477143101,6078,536481,,
ANTERO RESOURCES CORP,03674X106,6033,2193773,,AR
BOISE CASCADE CO DEL,09739D100,6026,150952,,BCC
SANFILIPPO JOHN B & SON INC,800422107,6015,79794,,JBSS
SOLARWINDS CORP,83417Q105,5996,294770,,
WEBSTER FINL CORP CONN,947890109,5987,226693,,
ARCH CAP GROUP LTD,G0450A105,5919,202725,,
ECHOSTAR CORP,278768106,5892,236703,,ECHO
PIONEER NAT RES CO,723787107,5885,68437,,
CONCHO RES INC,20605P101,5831,132161,,
US FOODS HLDG CORP,912008109,5762,259309,,
TESLA INC,88160R101,5752,13408,,
ACI WORLDWIDE INC,004498101,5635,217309,,
KANSAS CITY SOUTHERN,485170302,5583,30872,,
WOODWARD INC,980745103,5576,69913,,
ENTERGY CORP NEW,29364G103,5563,56995,,
ATLASSIAN CORP PLC,G06242104,5534,30442,,
RADIAN GROUP INC,750236101,5528,378342,,RDN
STANLEY BLACK & DECKER INC,854502101,5512,33980,,
EMERGENT BIOSOLUTIONS INC,29089Q105,5478,53014,,EBS
HANCOCK WHITNEY CORPORATION,410120109,5437,289056,,HWCPZ
HUMANA INC,444859102,5370,13174,,HUM
MODERNA INC,60770K107,5349,75605,,
ALLEGHENY TECHNOLOGIES INC,01741R102,5348,613333,,
SEMTECH CORP,816850101,5313,100321,,SMTC
BRANDYWINE RLTY TR,105368203,5295,512089,,
MIDDLEBY CORP,596278101,5284,58901,,MIDD
GILEAD SCIENCES INC,375558103,5283,84548,,
SANTANDER CONSUMER USA HDG I,80283M101,5282,297057,,
ANTHEM INC,036752103,5268,19754,,
CANTEL MED CORP,138098108,5251,119495,,
TRACTOR SUPPLY CO,892356106,5241,36673,,
MARATHON OIL CORP,565849106,5234,1279785,,
SYSCO CORP,871829107,5221,83916,,SYY
TELEFLEX INCORPORATED,879369106,5182,15394,,
HOST HOTELS & RESORTS INC,44107P104,5171,479206,,
BRIXMOR PPTY GROUP INC,11120U105,5150,440525,,
NOVAVAX INC,670002401,5149,47524,,NVAX
OKTA INC,679295105,5111,24006,,
WABTEC,929740108,5109,82559,,
WEINGARTEN RLTY INVS,948741103,5103,300867,,
NOW INC,67011P100,5095,1122253,,
MICRON TECHNOLOGY INC,595112103,5038,107278,,MU
HUDSON PAC PPTYS INC,444097109,4990,227546,,
REALPAGE INC,75606N109,4969,86213,,
LINCOLN ELEC HLDGS INC,533900106,4960,53958,,
SYKES ENTERPRISES INC,871237103,4921,143841,,
JOHNSON OUTDOORS INC,479167108,4905,59900,,JOUT
TRUSTMARK CORP,898402102,4892,228486,,TRMK
COLFAX CORP,194014106,4867,155197,,
FIDELITY NATL INFORMATION SV,31620M106,4854,32975,,
SOUTHWEST AIRLS CO,844741108,4845,129196,,
INTERNATIONAL BANCSHARES COR,459044103,4811,184597,,
JOHNSON CTLS INTL PLC,G51502105,4789,117230,,
NEW YORK TIMES CO,650111107,4780,113223,,NYT
STERLING BANCORP DEL,85917A100,4768,453235,,
CIA ENERGETICA DE MINAS GERA,204409601,4766,2576243,,
VISTA OUTDOOR INC,928377100,4766,236161,,
CINEMARK HLDGS INC,17243V102,4751,475124,,
M/I HOMES INC,55305B101,4743,102988,,
ESSEX PPTY TR INC,297178105,4741,23612,,
HUNTINGTON INGALLS INDS INC,446413106,4729,33600,,
NEUROCRINE BIOSCIENCES INC,64125C109,4724,49124,,NBIX
MICROCHIP TECHNOLOGY INC.,595017104,4718,45915,,MCHPP
PENNYMAC FINL SVCS INC NEW,70932M107,4704,80928,,
REGENCY CTRS CORP,758849103,4703,123690,,
FIRST REP BK SAN FRANCISCO C,33616C100,4701,43444,,
AVANTOR INC,05352A100,4695,208760,,
DISH NETWORK CORPORATION,25470M109,4672,160954,,
CORCEPT THERAPEUTICS INC,218352102,4662,267827,,CORT
AMERICAN TOWER CORP NEW,03027X100,4593,19000,,
LENNOX INTL INC,526107107,4575,16784,,
GRACE W R & CO DEL NEW,38388F108,4538,112627,,
INGLES MKTS INC,457030104,4537,119273,,
KROGER CO,501044101,4532,134923,,KR
ENTEGRIS INC,29362U104,4508,61255,,ENTG
FORMFACTOR INC,346375108,4504,180660,,FORM
AVANGRID INC,05351W103,4492,90631,,
TENCENT MUSIC ENTMT GROUP,88034P109,4450,301281,,
DIGITAL TURBINE INC,25400W102,4449,135903,,
DOUGLAS EMMETT INC,25960P109,4433,176618,,DEI
VIACOMCBS INC,92556H206,4432,158222,,
CNA FINL CORP,126117100,4425,147558,,
AMERICAN EAGLE OUTFITTERS IN,02553E106,4397,303226,,
AMERICAN CAMPUS CMNTYS INC,024835100,4380,125423,,
NATERA INC,632307104,4376,60572,,
DEERE & CO,244199105,4372,19725,,DE
MONGODB INC,60937P106,4360,18831,,
GUARDANT HEALTH INC,40131M109,4347,39110,,
PHOTRONICS INC,719405102,4344,436166,,PLAB
SPS COMMERCE INC,78463M107,4336,55679,,SPSC
BANK HAWAII CORP,062540109,4304,85608,,
ENEL AMERICAS S A,29274F104,4285,663349,,
UNIFIRST CORP MASS,904708104,4240,22388,,
ATKORE INTL GROUP INC,047649108,4239,186478,,
PATTERSON UTI ENERGY INC,703481101,4234,1485604,,PTEN
TORO CO,891092108,4231,50397,,TTC
MARINEMAX INC,567908108,4217,164282,,HZO
ELECTRONIC ARTS INC,285512109,4201,32211,,EA
PEOPLES UNITED FINANCIAL INC,712704105,4199,409083,,
PROGRESS SOFTWARE CORP,743312100,4196,114406,,
UBIQUITI INC,90353W103,4191,25149,,UI
LITHIA MTRS INC,536797103,4188,18372,,
XPO LOGISTICS INC,983793100,4168,49227,,
EMPLOYERS HOLDINGS INC,292218104,4166,137725,,
MYR GROUP INC DEL,55405W104,4153,111707,,MYRG
MADISON SQUARE GRDN ENTERTNM,55826T102,4137,60404,,
MERCADOLIBRE INC,58733R102,4112,3799,,MELI
GREEN BRICK PARTNERS INC,392709101,4089,253988,,
GMS INC,36251C103,4085,169522,,
CARVANA CO,146869102,4082,18298,,CVNA
M D C HLDGS INC,552676108,4080,86624,,
VALLEY NATL BANCORP,919794107,4069,594057,,
MARTIN MARIETTA MATLS INC,573284106,4064,17362,,
RINGCENTRAL INC,76680R206,4061,14952,,
STARBUCKS CORP,855244109,4050,47132,,SBUX
ALLEGION PLC,G0176J109,4043,40879,,ALLE
SCHLUMBERGER LTD,806857108,4041,259719,,
ZOOM VIDEO COMMUNICATIONS IN,98980L101,4033,8578,,
HARLEY DAVIDSON INC,412822108,3982,165841,,
CABOT MICROELECTRONICS CORP,12709P103,3979,27863,,
BIOSPECIFICS TECHNOLOGIES CO,090931106,3974,75230,,
SCOTTS MIRACLE GRO CO,810186106,3886,25506,,
ENCORE WIRE CORP,292562105,3872,83415,,
BROWN & BROWN INC,115236101,3824,84780,,
SS&C TECHNOLOGIES HLDGS INC,78467J100,3822,63145,,
GODADDY INC,380237107,3817,50242,,GDDY
STEELCASE INC,858155203,3810,376881,,
DIODES INC,254543101,3808,67460,,
WILEY JOHN & SONS INC,968223206,3805,120283,,
HILLTOP HOLDINGS INC,432748101,3777,183506,,HTH
SABRA HEALTH CARE REIT INC,78573L106,3752,272163,,
HARMONY GOLD MINING CO LTD,413216300,3734,708449,,HGMCF
PORTLAND GEN ELEC CO,736508847,3732,105123,,
TOPBUILD CORP,89055F103,3732,22041,,
COSTCO WHSL CORP NEW,22160K105,3718,10550,,
SCHWAB CHARLES CORP,808513105,3709,102362,,SCHW-PJ
AECOM,00766T100,3702,88484,,ACM
PEGASYSTEMS INC,705573103,3701,30574,,PEGA
FIRST SOLAR INC,336433107,3689,55720,,
MR COOPER GROUP INC,62482R107,3688,165236,,
VERIZON COMMUNICATIONS INC,92343V104,3680,62161,,VZ
NEXTERA ENERGY INC,65339F101,3677,13377,,NEE-PS
THE TRADE DESK INC,88339J105,3676,7239,,
COCA COLA CO,191216100,3663,74210,,KO
ARTISAN PARTNERS ASSET MGMT,04316A108,3653,93696,,
USANA HEALTH SCIENCES INC,90328M107,3648,49538,,USNA
LOUISIANA PAC CORP,546347105,3643,123444,,
KIMCO RLTY CORP,49446R109,3642,323418,,
SIGNATURE BK NEW YORK N Y,82669G104,3642,43884,,
IRHYTHM TECHNOLOGIES INC,450056106,3630,15245,,
MARVELL TECHNOLOGY GROUP LTD,G5876H105,3629,92271,,
MASONITE INTL CORP,575385109,3623,36822,,
GOODYEAR TIRE & RUBR CO,382550101,3596,468786,,
LHC GROUP INC,50187A107,3596,17000,,
ONEOK INC NEW,682680103,3594,138321,,
POWER INTEGRATIONS INC,739276103,3578,64582,,POWI
VECTRUS INC,92242T101,3573,94027,,
ADIENT PLC,G0084W101,3569,208600,,ADNT
HORMEL FOODS CORP,440452100,3565,73134,,
ILLINOIS TOOL WKS INC,452308109,3563,18442,,
MAGELLAN HEALTH INC,559079207,3554,46903,,
COGNIZANT TECHNOLOGY SOLUTIO,192446102,3552,51168,,
EPLUS INC,294268107,3548,48465,,PLUS
UNITEDHEALTH GROUP INC,91324P102,3516,11381,,UNH
AMERICAN PUBLIC EDUCATION IN,02913V103,3511,124544,,
KIMBALL INTL INC,494274103,3509,332964,,
AVALARA INC,05338G106,3486,27376,,
INTUITIVE SURGICAL INC,46120E602,3479,4999,,ISRG
OMNICELL COM,68213N109,3477,46573,,
ASBURY AUTOMOTIVE GROUP INC,043436104,3476,35674,,ABG
ROSS STORES INC,778296103,3475,37279,,
DOLLAR GEN CORP NEW,256677105,3473,16587,,
KEYCORP,493267108,3460,290136,,
CLEAN HARBORS INC,184496107,3459,61742,,CLH
GRUPO TELEVISA SA,40049J206,3459,559696,,
BMC STK HLDGS INC,05591B109,3447,80470,,
ADOBE SYSTEMS INCORPORATED,00724F101,3444,7022,,
INTUIT,461202103,3443,10678,,
HOME DEPOT INC,437076102,3439,12527,,
CANNAE HLDGS INC,13765N107,3425,91927,,
TWILIO INC,90138F102,3418,13832,,TWLO
FORD MTR CO DEL,345370860,3399,510348,,
OUTFRONT MEDIA INC,69007J106,3393,233163,,OUT
PAYLOCITY HLDG CORP,70438V106,3376,20913,,
PRIMERICA INC,74164M108,3372,29887,,
KELLY SVCS INC,488152208,3363,197388,,
TRIPLE-S MGMT CORP,896749108,3363,188214,,
ENPHASE ENERGY INC,29355A107,3351,40570,,
AMAZON COM INC,023135106,3335,1059,,AMZN
NEVRO CORP,64157F103,3335,23939,,
NRG ENERGY INC,629377508,3328,108258,,
STEEL DYNAMICS INC,858119100,3310,115603,,STLD
AMERICA MOVIL SAB DE CV,02364W105,3308,264884,,
INSIGHT ENTERPRISES INC,45765U103,3305,58415,,NSIT
GROUP 1 AUTOMOTIVE INC,398905109,3301,37348,,GPI
VALE S A,91912E105,3296,311503,,
BOK FINL CORP,05561Q201,3288,63835,,
ALPHABET INC,02079K305,3283,2240,,GOOGN
COUPA SOFTWARE INC,22266L106,3281,11963,,
MYOKARDIA INC,62857M105,3281,24070,,
WINGSTOP INC,974155103,3275,23966,,WING
KINSALE CAP GROUP INC,49714P108,3273,17212,,
PATTERSON COS INC,703395103,3271,137784,,
INGEVITY CORP,45688C107,3269,66121,,NGVT
NEOPHOTONICS CORP,64051T100,3242,532401,,
LIBERTY GLOBAL PLC,G5480U120,3239,157714,,
CLEARWAY ENERGY INC,18539C204,3234,119941,,
PURPLE INNOVATION INC,74640Y106,3227,129799,,
MACERICH CO,554382101,3226,475094,,MAC
MUELLER INDS INC,624756102,3210,118616,,
APTARGROUP INC,038336103,3207,28487,,
CIMAREX ENERGY CO,171798101,3197,131399,,
FLWS/1-800 FLOWERS,68243Q106,3191,127961,,
CULLEN FROST BANKERS INC,229899109,3188,49844,,
COMPANIA CERVECERIAS UNIDAS,204429104,3182,245309,,
FABRINET,G3323L100,3170,50290,,FN
BOX INC,10316T104,3157,181883,,BXCAP
THE ODP CORP,88337F105,3137,161287,,
DAVITA INC,23918K108,3136,36614,,DVA
INSTEEL INDS INC,45774W108,3125,167088,,
KNIGHT SWIFT TRANSN HLDGS IN,499049104,3119,76624,,
DEVON ENERGY CORP NEW,25179M103,3116,329372,,
LANCASTER COLONY CORP,513847103,3110,17445,,
EQUITY LIFESTYLE PPTYS INC,29472R108,3102,50607,,
GROCERY OUTLET HLDG CORP,39874R101,3080,78828,,
ARROWHEAD PHARMACEUTICALS IN,04280A100,3076,71426,,
VIRTUS INVT PARTNERS INC,92828Q109,3070,22141,,
NEW RELIC INC,64829B100,3057,54246,,
REXNORD CORP,76169B102,3057,102458,,
PROSPERITY BANCSHARES INC,743606105,3054,58926,,PB
REDFIN CORP,75737F108,3043,60948,,
MCGRATH RENTCORP,580589109,3041,51035,,MGRC
ULTRA CLEAN HLDGS INC,90385V107,3028,141099,,
MEDNAX INC,58502B106,3005,184552,,
BARRETT BUSINESS SVCS INC,068463108,2999,57186,,
COMPUTER PROGRAMS & SYS INC,205306103,2999,108623,,
POST HLDGS INC,737446104,2989,35443,,
ARCBEST CORP,03937C105,2984,96081,,
APOGEE ENTERPRISES INC,037598109,2980,139466,,
SINCLAIR BROADCAST GROUP INC,829226109,2970,154471,,
PULTE GROUP INC,745867101,2956,63904,,
TELEFONICA BRASIL SA,87936R106,2954,385085,,
MARRIOTT INTL INC NEW,571903202,2951,31880,,
BLACK KNIGHT INC,09215C105,2939,33764,,
ZOETIS INC,98978V103,2930,17950,,ZTS
MALIBU BOATS INC,56117J100,2927,59060,,
PLUG POWER INC,72919P202,2922,217900,,PLUG
PETMED EXPRESS INC,716382106,2910,92027,,PETS
HECLA MNG CO,422704106,2899,570636,,
COLGATE PALMOLIVE CO,194162103,2886,37697,,CL
FIRST HAWAIIAN INC,32051X108,2880,199064,,
PERFORMANCE FOOD GROUP CO,71377A103,2878,83123,,PFGC
LAS VEGAS SANDS CORP,517834107,2877,61658,,LVS
SPORTSMANS WHSE HLDGS INC,84920Y106,2874,200804,,
RUSH ENTERPRISES INC,781846209,2862,56637,,
O-I GLASS INC,67098H104,2853,269380,,
CAMPING WORLD HLDGS INC,13462K109,2847,95683,,
AMER STATES WTR CO,029899101,2845,37959,,
WPX ENERGY INC,98212B103,2837,579039,,
HEALTHCARE RLTY TR,421946104,2833,94053,,
RENEWABLE ENERGY GROUP INC,75972A301,2831,53002,,
MORNINGSTAR INC,617700109,2821,17643,,
PC CONNECTION INC,69318J100,2818,68630,,CNXN
MOMO INC,60879B107,2815,204569,,
WHITE MTNS INS GROUP LTD,G9618E107,2814,3612,,
CROWDSTRIKE HLDGS INC,22788C105,2810,20667,,
CITIGROUP INC,172967424,2807,65228,,C-PR
INTERDIGITAL INC,45867G101,2804,49139,,
STANDARD MTR PRODS INC,853666105,2803,62787,,
NEXTGEN HEALTHCARE INC,65343C102,2802,219914,,
MERIDIAN BIOSCIENCE INC,589584101,2798,164793,,
ENSIGN GROUP INC,29358P101,2795,48975,,
QUANEX BUILDING PRODUCTS COR,747619104,2795,151548,,
AXCELIS TECHNOLOGIES INC,054540208,2790,126839,,ACLS
INSPERITY INC,45778Q107,2785,42529,,
EAGLE PHARMACEUTICALS INC,269796108,2782,65499,,
ALLETE INC,018522300,2781,53748,,
GREAT SOUTHN BANCORP INC,390905107,2779,76727,,
SENECA FOODS CORP NEW,817070501,2777,77724,,SENEL
FRONTDOOR INC,35905A109,2774,71303,,
HELEN OF TROY LTD,G4388N106,2773,14329,,HELE
NEOGENOMICS INC,64049M209,2761,74846,,NEO
ATHENE HOLDING LTD,G0684D107,2756,80862,,ATH-PE
UNIVERSAL ELECTRS INC,913483103,2756,73026,,
ACUSHNET HOLDINGS CORP,005098108,2732,81274,,GOLF
STEPAN CO,858586100,2707,24832,,SCL
GREAT LAKES DREDGE & DOCK CO,390607109,2684,282274,,
FIRST BANCORP P R,318672706,2683,513964,,
UNITI GROUP INC,91325V108,2678,254207,,UNIT
PROVIDENCE SVC CORP,743815102,2671,28749,,
WORTHINGTON INDS INC,981811102,2664,65321,,
LAUDER ESTEE COS INC,518439104,2662,12263,,
HACKETT GROUP INC,404609109,2654,237355,,
ENCORE CAP GROUP INC,292554102,2647,68599,,
BANKUNITED INC,06652K103,2642,120581,,
MOMENTA PHARMACEUTICALS INC,60877T100,2641,50323,,
EASTGROUP PPTY INC,277276101,2616,20227,,
CROWN CASTLE INTL CORP NEW,22822V101,2609,15800,,
NATIONAL RESH CORP,637372202,2607,52968,,
TATA MTRS LTD,876568502,2606,286684,,
BEAZER HOMES USA INC,07556Q881,2597,196721,,BZH
CME GROUP INC,12572Q105,2596,15515,,CME
ENNIS INC,293389102,2578,147798,,
TRUEBLUE INC,89785X101,2565,165569,,
IRONWOOD PHARMACEUTICALS INC,46333X108,2561,284715,,IRWD
21VIANET GROUP INC,90138A103,2560,110530,,
ASHLAND GLOBAL HLDGS INC,044186104,2553,35997,,
LIBERTY BROADBAND CORP,530307305,2551,17853,,LBRDP
CLOROX CO DEL,189054109,2550,12172,,
OLLIES BARGAIN OUTLET HLDGS,681116109,2548,29276,,
AMETEK INC,031100100,2546,25613,,
CHANNELADVISOR CORP,159179100,2531,174906,,
CATALYST PHARMACEUTICALS INC,14888U101,2523,849532,,
METHODE ELECTRS INC,591520200,2522,88505,,
HUNTINGTON BANCSHARES INC,446150104,2518,275458,,
NVIDIA CORPORATION,67066G104,2514,4668,,NVDA
PROOFPOINT INC,743424103,2514,23829,,
PHILLIPS 66,718546104,2478,47809,,PSX
WINMARK CORP,974250102,2478,14390,,WINA
KEARNY FINL CORP MD,48716P108,2472,342893,,
AMBEV SA,02319V103,2466,1091127,,
COGENT COMMUNICATIONS HLDGS,19239V302,2461,40979,,
AMERISAFE INC,03071H100,2460,42895,,AMSF
COCA COLA CONS INC,191098102,2460,10222,,
SLEEP NUMBER CORP,83125X103,2458,50256,,SNBRQ
INTEGER HLDGS CORP,45826H109,2455,41600,,
LIGAND PHARMACEUTICALS INC,53220K504,2453,25732,,LGNZZ
DIAMOND HILL INVT GROUP INC,25264R207,2451,19403,,
MURPHY OIL CORP,626717102,2451,274819,,MUR
WD-40 CO,929236107,2425,12808,,
ARCOSA INC,039653100,2420,54894,,
BIG LOTS INC,089302103,2417,54196,,
HALOZYME THERAPEUTICS INC,40637H109,2417,91956,,
PRIMORIS SVCS CORP,74164F103,2416,133940,,
COWEN INC,223622606,2412,148253,,
ARENA PHARMACEUTICALS INC,040047607,2403,32129,,
SUPER MICRO COMPUTER INC,86800U104,2400,90901,,
AUTOZONE INC,053332102,2399,2059,,AZO
NASDAQ INC,631103108,2398,19546,,
OPPENHEIMER HLDGS INC,683797104,2395,107287,,
PIEDMONT OFFICE REALTY TR IN,720190206,2392,176254,,
SUNRUN INC,86771W105,2392,31037,,RUN
BROOKFIELD RENEWABLE CORP,11284V105,2390,40790,,BEPC
ALPHA PRO TECH LTD,020772109,2388,161564,,APT
ULTRAGENYX PHARMACEUTICAL IN,90400D108,2388,29059,,
LITTELFUSE INC,537008104,2387,13461,,
AMEREN CORP,023608102,2386,30168,,AEE
3M CO,88579Y101,2374,14823,,MMM
WILLIAMS COS INC,969457100,2369,120554,,
LATTICE SEMICONDUCTOR CORP,518415104,2366,81700,,LSCC
RPM INTL INC,749685103,2361,28626,,
EMPIRE ST RLTY TR INC,292104106,2359,385538,,
HEALTHSTREAM INC,42222N103,2347,116952,,HSTM
STEWART INFORMATION SVCS COR,860372101,2339,53497,,
COMFORT SYS USA INC,199908104,2324,45108,,
MOOG INC,615394202,2318,36484,,MOG-B
RYERSON HLDG CORP,783754104,2318,404556,,
NIC INC,62914B100,2307,117131,,
WEIS MKTS INC,948849104,2303,47969,,
SCANSOURCE INC,806037107,2279,114929,,
WRIGHT MED GROUP N V,N96617118,2271,74360,,
LUMINEX CORP DEL,55027E102,2270,86480,,
AFLAC INC,001055102,2266,62437,,AFL
FLAGSTAR BANCORP INC,337930705,2265,76439,,
NAUTILUS INC,63910B102,2263,131859,,
URBAN OUTFITTERS INC,917047102,2260,108608,,URBN
SPIRE INC,84857L101,2256,42412,,SRJN
CLOUDERA INC,18914U100,2254,206973,,
INSULET CORP,45784P101,2246,9543,,PODD
PREMIER INC,74051N102,2234,69241,,
BLACKROCK INC,09247X101,2233,4011,,
HIBBETT SPORTS INC,428567101,2224,56708,,
ATLAS AIR WORLDWIDE HLDGS IN,049164205,2220,36456,,
PALO ALTO NETWORKS INC,697435105,2217,9059,,PANW
CYRUSONE INC,23283R100,2216,31638,,
LCI INDS,50189K103,2215,20835,,
GLOBE LIFE INC,37959E102,2214,27896,,GL-PD
BURLINGTON STORES INC,122017106,2205,10697,,
APARTMENT INVT & MGMT CO,03748R754,2204,65360,,
SELECT MED HLDGS CORP,81619Q105,2203,105834,,
ONE GAS INC,68235P108,2202,31914,,
LEXINGTON REALTY TRUST,529043101,2193,209878,,
INTEL CORP,458140100,2190,42302,,INTC
POWELL INDS INC,739128106,2189,90707,,
CAVCO INDS INC DEL,149568107,2187,12127,,
OPKO HEALTH INC,68375N103,2186,592533,,
CITI TRENDS INC,17306X102,2185,87483,,CTRN
GRACO INC,384109104,2178,35507,,GGG
OFFICE PPTYS INCOME TR,67623C109,2159,104215,,
DRDGOLD LIMITED,26152H301,2153,181702,,
NORTHFIELD BANCORP INC DEL,66611T108,2150,235730,,
MOBILE TELESYSTEMS PJSC,607409109,2149,246180,,
ISHARES INC,464286624,2144,34168,,
HILTON GRAND VACATIONS INC,43283X105,2142,102084,,HGV
PETROLEO BRASILEIRO SA PETRO,71654V101,2139,303881,,
ACCENTURE PLC IRELAND,G1151C101,2128,9418,,
SPLUNK INC,848637104,2124,11291,,
MIRATI THERAPEUTICS INC,60468T105,2117,12750,,
BIGLARI HLDGS INC,08986R309,2114,23746,,
NORFOLK SOUTHN CORP,655844108,2114,9880,,
NXP SEMICONDUCTORS N V,N6596X109,2104,16860,,
SPARTANNASH CO,847215100,2098,128302,,
ZUMIEZ INC,989817101,2098,75398,,ZUMZ
MICROSTRATEGY INC,594972408,2096,13924,,
FLOOR & DECOR HLDGS INC,339750101,2069,27661,,
CENTRAL PAC FINL CORP,154760409,2068,152400,,
ACCO BRANDS CORP,00081T108,2067,356414,,ACCO
ALEXANDER & BALDWIN INC NEW,014491104,2064,184097,,
DANAHER CORPORATION,235851102,2064,9731,,
OLD DOMINION FREIGHT LINE IN,679580100,2064,11409,,
COHERUS BIOSCIENCES INC,19249H103,2060,112298,,
CNX RES CORP,12653C108,2057,217896,,
TG THERAPEUTICS INC,88322Q108,2054,76768,,
CORVEL CORP,221006109,2052,24015,,CRVL
PERDOCEO ED CORP,71363P106,2044,166992,,
NEXSTAR MEDIA GROUP INC,65336K103,2041,22692,,
SAFETY INS GROUP INC,78648T100,2041,29540,,
PATRICK INDS INC,703343103,2038,35432,,
MSA SAFETY INC,553498106,2037,15336,,MNESP
JPMORGAN CHASE & CO,46625H100,2033,21132,,JPM-PM
HUB GROUP INC,443320106,2026,40371,,
ENANTA PHARMACEUTICALS INC,29251M106,2023,44197,,ENTA
PS BUSINESS PKS INC CALIF,69360J107,2023,16527,,
VERINT SYS INC,92343X100,2006,41638,,
RENT A CTR INC NEW,76009N100,1999,66882,,
NIKE INC,654106103,1997,15907,,
ROLLINS INC,775711104,1997,36843,,ROL
NATIONAL WESTN LIFE GROUP IN,638517102,1991,10896,,
DICERNA PHARMACEUTICALS INC,253031108,1985,110366,,
MARATHON PETE CORP,56585A102,1982,67558,,
WALKER & DUNLOP INC,93148P102,1980,37352,,
SMART GLOBAL HLDGS INC,G8232Y101,1978,72336,,
DOMINION ENERGY INC,25746U109,1972,25128,,
DAQO NEW ENERGY CORP,23703Q203,1969,14558,,DQ
ANTARES PHARMA INC,036642106,1967,728568,,
HEIDRICK & STRUGGLES INTL IN,422819102,1964,99957,,
MACK CALI RLTY CORP,554489104,1964,155615,,
CSW INDUSTRIALS INC,126402106,1963,25409,,
RYDER SYS INC,783549108,1963,46939,,
AUTOMATIC DATA PROCESSING IN,053015103,1961,14072,,
NATIONAL HEALTHCARE CORP,635906100,1961,31471,,NHC
KOPPERS HOLDINGS INC,50060P106,1959,93664,,KOP
SONIC AUTOMOTIVE INC,83545G102,1958,48751,,SAH
CHUBB LIMITED,H1467J104,1954,16995,,
WESTERN UN CO,959802109,1952,91076,,
FREEPORT-MCMORAN INC,35671D857,1951,124715,,FCX
MANITOWOC CO INC,563571405,1945,231213,,MTW
INDEPENDENT BK CORP MICH,453838609,1944,154663,,
TRIMAS CORP,896215209,1937,84965,,TRS
INOVALON HLDGS INC,45781D101,1935,73150,,
SERVICE CORP INTL,817565104,1935,45900,,
NETGEAR INC,64111Q104,1932,62676,,
METTLER TOLEDO INTERNATIONAL,592688105,1930,1998,,
WINNEBAGO INDS INC,974637100,1930,37356,,
MERITOR INC,59001K100,1926,91987,,
CHURCHILL DOWNS INC,171484108,1924,11745,,CHDN
ICHOR HOLDINGS,G4740B105,1923,89135,,
CHEMOCENTRYX INC,16383L106,1918,34991,,
MODINE MFG CO,607828100,1916,306577,,
BANCO DE CHILE,059520106,1912,126443,,
INSMED INC,457669307,1909,59394,,INSM
CABOT OIL & GAS CORP,127097103,1908,109910,,
ANIKA THERAPEUTICS INC,035255108,1904,53796,,
PARSLEY ENERGY INC,701877102,1901,203066,,
CDK GLOBAL INC,12508E101,1897,43508,,
HANNON ARMSTRONG SUST INFR C,41068X100,1880,44471,,
INSTALLED BLDG PRODS INC,45780R101,1875,18430,,
AMN HEALTHCARE SVCS INC,001744101,1873,32039,,
TRITON INTL LTD,G9078F107,1868,45920,,
BLACKSTONE MTG TR INC,09257W100,1865,84911,,
INNOVIVA INC,45781M101,1865,178464,,
MILLER INDS INC TENN,600551204,1855,60670,,
STONEX GROUP INC,861896108,1853,36216,,SNEX
WASHINGTON FED INC,938824109,1851,88735,,
ESSENT GROUP LTD,G3198U102,1839,49679,,ESNT
DENALI THERAPEUTICS INC,24823R105,1836,51247,,DNLI
BANDWIDTH INC,05988J103,1835,10513,,BAND
AMERICAN WTR WKS CO INC NEW,030420103,1834,12658,,
TEXAS INSTRS INC,882508104,1832,12834,,
JD.COM INC,47215P106,1820,23453,,
NATIONAL OILWELL VARCO INC,637071101,1816,200495,,
SHUTTERSTOCK INC,825690100,1815,34875,,
SMITH & WESSON BRANDS INC,831754106,1806,116376,,
AMEDISYS INC,023436108,1801,7662,,
HUBSPOT INC,443573100,1801,6164,,HUBS
UMPQUA HLDGS CORP,904214103,1801,169595,,
CENTRAL GARDEN & PET CO,153527205,1797,49726,,CENTA
STAAR SURGICAL CO,852312305,1785,31558,,STAA
GIBRALTAR INDS INC,374689107,1783,27375,,
CITRIX SYS INC,177376100,1782,12947,,
WARRIOR MET COAL INC,93627C101,1782,104358,,
BLUEPRINT MEDICINES CORP,09627Y109,1781,19215,,
NVE CORP,629445206,1781,36287,,
1ST SOURCE CORP,336901103,1780,57716,,SRCE
INVACARE CORP,461203101,1773,235812,,
FRANKLIN ELEC INC,353514102,1772,30122,,
GENMARK DIAGNOSTICS INC,372309104,1772,124817,,
MCCORMICK & CO INC,579780206,1770,9195,,MKC-V
SIRIUS XM HOLDINGS INC,82968B103,1768,332084,,SIRI
WHITESTONE REIT,966084204,1768,294678,,
QTS RLTY TR INC,74736A103,1764,27997,,
LULULEMON ATHLETICA INC,550021109,1754,5326,,LULU
BENCHMARK ELECTRS INC,08160H101,1752,86926,,
SECUREWORKS CORP,81374A105,1751,153716,,
LEGGETT & PLATT INC,524660107,1743,42336,,LEG
WESTROCK CO,96145D105,1743,50180,,
CNOOC LIMITED,126132109,1740,18118,,
MERIDIAN BANCORP INC MD,58958U103,1736,167760,,
CALIX INC,13100M509,1726,97060,,
JINKOSOLAR HLDG CO LTD,47759T100,1721,43290,,
SERES THERAPEUTICS INC,81750R102,1720,60754,,
FRESH DEL MONTE PRODUCE INC,G36738105,1719,75006,,
STRYKER CORPORATION,863667101,1717,8242,,SYK
CONSOLIDATED COMM HLDGS INC,209034107,1714,301195,,
TUTOR PERINI CORP,901109108,1713,153895,,TPC
EQUITY COMWLTH,294628102,1711,64242,,
AKAMAI TECHNOLOGIES INC,00971T101,1710,15470,,AKAM
STURM RUGER & CO INC,864159108,1708,27934,,RGR
ANGLOGOLD ASHANTI LIMITED,035128206,1707,64698,,
MONSTER BEVERAGE CORP NEW,61174X109,1704,21248,,MNST
WASTE CONNECTIONS INC,94106B101,1704,16416,,
BANCO BRADESCO S A,059460303,1701,495820,,
BROOKDALE SR LIVING INC,112463104,1701,669877,,
FIRSTCASH INC,33767D105,1701,30014,,
UNIFI INC,904677200,1701,132472,,UFI
AMERICAN ASSETS TR INC,024013104,1690,70146,,
CORPORATE OFFICE PPTYS TR,22002T108,1681,70851,,
ITAU UNIBANCO HLDG S A,465562106,1669,419442,,
SITEONE LANDSCAPE SUPPLY INC,82982L103,1667,13671,,
HOMESTREET INC,43785V102,1662,64512,,
GRAND CANYON ED INC,38526M106,1659,20752,,
TREX CO INC,89531P105,1659,23561,,TREX
BIOHAVEN PHARMACTL HLDG CO L,G11196105,1657,25487,,
LA Z BOY INC,505336107,1656,52359,,
JOUNCE THERAPEUTICS INC,481116101,1654,202736,,
BOSTON PRIVATE FINL HLDGS IN,101119105,1650,298996,,
AMICUS THERAPEUTICS INC,03152W109,1646,116554,,
HOULIHAN LOKEY INC,441593100,1643,27832,,
NORTHWEST PIPE CO,667746101,1641,62036,,
COLLECTORS UNIVERSE INC,19421R200,1633,32993,,
NEOGEN CORP,640491106,1630,20835,,NEOG
WELLS FARGO CO NEW,949746101,1623,69034,,
FATE THERAPEUTICS INC,31189P102,1619,40506,,FATE
AVAYA HLDGS CORP,05351X101,1601,105359,,
UNISYS CORP,909214306,1584,148476,,UIS
COMTECH TELECOMMUNICATIONS C,205826209,1582,112966,,
BIODELIVERY SCIENCES INTL IN,09060J106,1581,423938,,
PRINCIPAL FINANCIAL GROUP IN,74251V102,1576,39134,,
STANDEX INTL CORP,854231107,1572,26546,,
APPFOLIO INC,03783C100,1568,11057,,APPF
DISCOVER FINL SVCS,254709108,1567,27125,,
HELMERICH & PAYNE INC,423452101,1562,106648,,
CIMPRESS PLC,G2143T103,1547,20581,,CMPR
CROCS INC,227046109,1542,36084,,
TURNING PT BRANDS INC,90041L105,1539,55154,,
NATUS MED INC DEL,639050103,1537,89705,,
ORTHOFIX MED INC,68752M108,1534,49247,,
ENDURANCE INTL GROUP HLDGS I,29272B105,1532,266824,,
PAYPAL HLDGS INC,70450Y103,1532,7808,,
FUTUREFUEL CORP,36116M106,1528,134410,,FF
SONOS INC,83570H108,1528,100680,,SONO
CATERPILLAR INC DEL,149123101,1527,10238,,CAT
NOVAGOLD RES INC,66987E206,1521,127930,,
SYSTEMAX INC,871851101,1516,63336,,
GAMING & LEISURE PPTYS INC,36467J108,1515,41025,,
COMMSCOPE HLDG CO INC,20337X109,1512,168030,,
HAYNES INTERNATIONAL INC,420877201,1508,88217,,
OSI SYSTEMS INC,671044105,1508,19433,,OSIS
ADDUS HOMECARE CORP,006739106,1507,15942,,ADUS
COMMUNITY HEALTH SYS INC NEW,203668108,1507,357159,,
MEDIFAST INC,58470H101,1507,9162,,MED
VAIL RESORTS INC,91879Q109,1505,7034,,MTN
ASTRONICS CORP,046433108,1504,194826,,ATROB
PLEXUS CORP,729132100,1504,21298,,PLXS
DEL TACO RESTAURANTS INC NEW,245496104,1495,182304,,
CINTAS CORP,172908105,1493,4486,,CTAS
CARDIOVASCULAR SYS INC DEL,141619106,1488,37827,,
BLACKLINE INC,09239B109,1485,16569,,
G III APPAREL GROUP LTD,36237H101,1484,113215,,
PROPETRO HLDG CORP,74347M108,1483,365342,,
UDR INC,902653104,1481,45402,,
VERITIV CORP,923454102,1477,116631,,
LUMBER LIQUIDATORS HLDGS INC,55003T107,1476,66918,,
CITY OFFICE REIT INC,178587101,1473,195890,,
MTS SYS CORP,553777103,1473,77090,,
COLUMBUS MCKINNON CORP N Y,199333105,1469,44377,,
NATIONAL GEN HLDGS CORP,636220303,1454,43080,,
SORRENTO THERAPEUTICS INC,83587F202,1451,130119,,
ULTA BEAUTY INC,90384S303,1450,6475,,
TTEC HLDGS INC,89854H102,1449,26557,,
NATIONAL BEVERAGE CORP,635017106,1435,21099,,FIZZ
LEIDOS HOLDINGS INC,525327102,1434,16087,,
NEENAH INC,640079109,1428,38117,,
FACTSET RESH SYS INC,303075105,1424,4252,,
AES CORP,00130H105,1423,78791,,AES
PUBLIC STORAGE,74460D109,1420,6396,,PSA-PS
FOMENTO ECONOMICO MEXICANO S,344419106,1419,25261,,
LANTHEUS HLDGS INC,516544103,1417,111847,,
CENTURY CMNTYS INC,156504300,1415,33432,,
COHEN & STEERS INC,19247A100,1414,25362,,
LAMAR ADVERTISING CO NEW,512816109,1412,21343,,
INFOSYS LTD,456788108,1411,102157,,INFY
SUPERNUS PHARMACEUTICALS INC,868459108,1411,67701,,
SIMPSON MANUFACTURING CO INC,829073105,1400,14411,,
YETI HLDGS INC,98585X104,1392,30714,,
BOOZ ALLEN HAMILTON HLDG COR,099502106,1390,16747,,
EXPONENT INC,30214U102,1389,19284,,EXPO
NOBLE ENERGY INC,655044105,1389,162503,,
CATALENT INC,148806102,1384,16207,,
HEARTLAND FINL USA INC,42234Q102,1380,46010,,
QUALCOMM INC,747525103,1378,11709,,
CENTENNIAL RESOURCE DEV INC,15136A102,1376,2283752,,
MARTEN TRANS LTD,573075108,1376,84339,,
PRA GROUP INC,69354N106,1374,34383,,PRAA
HMS HLDGS CORP,40425J101,1370,57198,,
STAG INDL INC,85254J102,1363,44714,,
TERRENO RLTY CORP,88146M101,1354,24724,,
INVITATION HOMES INC,46187W107,1348,48148,,INVH
EATON CORP PLC,G29183103,1347,13198,,ETN
HAIN CELESTIAL GROUP INC,405217100,1347,39693,,HAIN
ENDO INTL PLC,G30401106,1343,406956,,
REPLIGEN CORP,759916109,1343,9102,,RGEN
DINE BRANDS GLOBAL INC,254423106,1339,24520,,
PRICESMART INC,741511109,1337,20127,,PSMT
INOVIO PHARMACEUTICALS INC,45773H201,1336,115201,,
AMERICAN NATIONAL GROUP INC,02772A109,1335,19765,,ANG-PD
AZZ INC,002474104,1335,39118,,AZZ
FRONT YD RESIDENTIAL CORP,35904G107,1333,152523,,
ONESPAN INC,68287N100,1329,63410,,OSPN
INTRA CELLULAR THERAPIES INC,46116X101,1325,51648,,
INSPIRE MED SYS INC,457730109,1324,10259,,
SMITH MICRO SOFTWARE INC,832154207,1319,353711,,
URSTADT BIDDLE PPTYS INC,917286205,1315,142881,,
LIVERAMP HLDGS INC,53815P108,1306,25234,,
CLEARWATER PAPER CORP,18538R103,1302,34327,,CLW
PTC THERAPEUTICS INC,69366J200,1299,27784,,
COVETRUS INC,22304C100,1296,53119,,
CARPENTER TECHNOLOGY CORP,144285103,1289,70966,,CRS
AIR PRODS & CHEMS INC,009158106,1285,4368,,
XENCOR INC,98401F105,1284,33103,,XNCR
PHIBRO ANIMAL HEALTH CORP,71742Q106,1282,73654,,PAHC
KARYOPHARM THERAPEUTICS INC,48576U106,1281,87761,,KPTI
VOYA FINANCIAL INC,929089100,1278,26662,,
CUBESMART,229663109,1277,39833,,CUBE
HUNT J B TRANS SVCS INC,445658107,1277,10105,,
KRATON CORPORATION,50077C106,1277,71669,,
TEXAS CAP BANCSHARES INC,88224Q107,1277,41018,,
HDFC BANK LTD,40415F101,1275,25529,,HDB
MACYS INC,55616P104,1274,223439,,
RAMBUS INC DEL,750917106,1269,92709,,RMBS
FIRST INDL RLTY TR INC,32054K103,1265,31786,,
FLUOR CORP NEW,343412102,1264,143418,,FLR
MYRIAD GENETICS INC,62855J104,1264,96941,,MYGN
SIMULATIONS PLUS INC,829214105,1263,16753,,
LANDSTAR SYS INC,515098101,1261,10051,,
LGI HOMES INC,50187T106,1260,10849,,
INTERNATIONAL GAME TECHNOLOG,G4863A108,1256,112879,,
FRESHPET INC,358039105,1254,11233,,
CONDUENT INC,206787103,1253,393944,,CNDT
EXP WORLD HLDGS INC,30212W100,1253,31060,,
MEDICAL PPTYS TRUST INC,58463J304,1252,70995,,
PALOMAR HLDGS INC,69753M105,1252,12011,,
LAKELAND INDS INC,511795106,1247,62987,,
INPHI CORP,45772F107,1245,11119,,
MACROGENICS INC,556099109,1242,49312,,MGNX
FORTINET INC,34959E109,1235,10545,,
INDEPENDENCE RLTY TR INC,45378A106,1233,106364,,
ACACIA COMMUNICATIONS INC,00401C108,1225,18182,,
PAYCHEX INC,704326107,1223,15333,,PAYX
AXON ENTERPRISE INC,05464C101,1222,13469,,
GOLD FIELDS LTD,38059T106,1222,99393,,GFIOF
DECIPHERA PHARMACEUTICALS IN,24344T101,1219,23759,,
TRIMBLE INC,896239100,1218,25016,,TRMB
NEW JERSEY RES,646025106,1217,45430,,
XBIOTECH INC,98400H102,1216,63695,,XBIT
NEW SR INVT GROUP INC,648691103,1213,303153,,
FLUIDIGM CORP DEL,34385P108,1211,163036,,
PACIFIC BIOSCIENCES CALIF IN,69404D108,1211,122669,,
ELECTROMED INC,285409108,1208,116069,,
VERSO CORP,92531L207,1208,153089,,
RITE AID CORP,767754872,1207,127183,,
MACOM TECH SOLUTIONS HLDGS I,55405Y100,1201,35308,,
II-VI INC,902104108,1194,29435,,
ADVANCED MICRO DEVICES INC,007903107,1193,14642,,AMD
CHIMERA INVT CORP,16934Q208,1193,145535,,
EASTERLY GOVT PPTYS INC,27616P103,1193,53245,,
EDWARDS LIFESCIENCES CORP,28176E108,1193,15090,,EW
NATIONAL PRESTO INDS INC,637215104,1192,14563,,
FEDEX CORP,31428X106,1191,4737,,FDX
ATMOS ENERGY CORP,049560105,1189,12481,,ATO
MASTERCRAFT BOAT HLDGS INC,57637H103,1189,68010,,
CARNIVAL CORP,143658300,1187,78196,,CCL
COLLEGIUM PHARMACEUTICAL INC,19459J104,1176,56488,,
DIAMONDBACK ENERGY INC,25278X109,1176,39038,,
FIVE9 INC,338307101,1175,9103,,
VICOR CORP,925815102,1174,15108,,VICR
CSG SYS INTL INC,126349109,1172,28617,,
ADTRAN INC,00738A106,1170,114086,,
ALEXANDRIA REAL ESTATE EQ IN,015271109,1166,7286,,
A10 NETWORKS INC,002121101,1160,182099,,
ALTERYX INC,02156B103,1158,10197,,
MEDTRONIC PLC,G5960L103,1157,11235,,MDT
VENTAS INC,92276F100,1155,27532,,
ABM INDS INC,000957100,1154,31487,,
KIMBERLY CLARK CORP,494368103,1153,7848,,KMB
PRIMO WATER CORPORATION,74167P108,1151,81044,,
AMERICAN HOMES 4 RENT,02665T306,1146,40253,,AMH-PH
GRUPO AEROPORTUARIO DEL SURE,40051E202,1145,9867,,
ADVANCED DRAIN SYS INC DEL,00790R104,1142,18284,,
WADDELL & REED FINL INC,930059100,1141,76847,,
ADVANCED ENERGY INDS,007973100,1140,18117,,
FORTERRA INC,34960W106,1140,96480,,
MATTHEWS INTL CORP,577128101,1140,50980,,
CO-DIAGNOSTICS INC,189763105,1138,83760,,
MOBILEIRON INC,60739U204,1135,161887,,
PERFICIENT INC,71375U101,1134,26543,,
PJT PARTNERS INC,69343T107,1132,18675,,PJT
AMCOR PLC,G0250X107,1128,102150,,AMCCF
EVOQUA WATER TECHNOLOGIES CO,30057T105,1127,53130,,
GOOSEHEAD INS INC,38267D109,1127,13013,,
PACIRA BIOSCIENCES,695127100,1125,18719,,
UTAH MED PRODS INC,917488108,1124,14074,,
ARCUS BIOSCIENCES INC,03969F109,1122,65440,,
IHS MARKIT LTD,G47567105,1120,14282,,
WORKHORSE GROUP INC,98138J206,1120,44317,,WKHS
TIMKENSTEEL CORP,887399103,1118,314982,,
PENNYMAC MTG INVT TR,70931T103,1117,69536,,
INTERFACE INC,458665304,1115,182115,,TILE
CERIDIAN HCM HLDG INC,15677J108,1113,13463,,
ARMSTRONG WORLD INDS INC,04247X102,1112,16167,,
API GROUP CORP,00187Y100,1109,77930,,APG
CONSOLIDATED WATER CO INC,G23773107,1106,106284,,
TRUPANION INC,898202106,1105,14000,,
NEWMONT CORP,651639106,1099,17645,,
PENUMBRA INC,70975L107,1098,5679,,PEN
AMERICAN WOODMARK CORPORATIO,030506109,1094,13935,,
GENWORTH FINL INC,37247D106,1092,325854,,
DENNYS CORP,24869P104,1091,109106,,
EVERGY INC,30034W106,1089,21737,,
OOMA INC,683416101,1089,83439,,OOMA
ORION ENERGY SYSTEMS INC,686275108,1086,143453,,
RPT REALTY,74971D101,1086,199710,,
CELSIUS HLDGS INC,15118V207,1085,47794,,
AMERICAN SOFTWARE INC,029683109,1084,77208,,
ANI PHARMACEUTICALS INC,00182C103,1081,38335,,ANIP
COEUR MNG INC,192108504,1077,145884,,
HYATT HOTELS CORP,448579102,1076,20153,,H
DXP ENTERPRISES INC,233377407,1073,66495,,DXPE
FIRST FINL CORP IND,320218100,1069,34056,,
COGNEX CORP,192422103,1067,16412,,CGNX
HERITAGE INS HLDGS INC,42727J102,1067,105387,,
DUPONT DE NEMOURS INC,26614N102,1064,19186,,
FANHUA INC,30712A103,1049,62635,,
QAD INC,74727D306,1049,24866,,
WEC ENERGY GROUP INC,92939U106,1046,10834,,
HENRY SCHEIN INC,806407102,1045,17772,,HSIC
360 DIGITECH INC,88557W101,1044,87418,,
BGC PARTNERS INC,05541T101,1042,434219,,
FIVE PRIME THERAPEUTICS INC,33830X104,1040,221377,,
NETEASE INC,64110W102,1038,2284,,
CYTOSORBENTS CORP,23283X206,1029,129042,,CTSO
BWX TECHNOLOGIES INC,05605H100,1027,18246,,
MOTOROLA SOLUTIONS INC,620076307,1027,6552,,
B & G FOODS INC NEW,05508R106,1024,36860,,
LANNET INC,516012101,1022,167304,,
SUN CMNTYS INC,866674104,1022,7473,,
SUNSTONE HOTEL INVS INC NEW,867892101,1022,128771,,
EGAIN CORP,28225C806,1021,72069,,EGAN
GLU MOBILE INC,379890106,1020,132920,,
EHEALTH INC,28238P109,1018,12884,,
GETTY RLTY CORP NEW,374297109,1016,39075,,
COCA-COLA FEMSA SAB DE CV,191241108,1015,24929,,
HERSHEY CO,427866108,1005,7093,,HSY
COLUMBIA PPTY TR INC,198287203,1002,91883,,
SIMON PPTY GROUP INC NEW,828806109,1000,15463,,
CONSTELLATION PHARMCETICLS I,210373106,999,49291,,
AXSOME THERAPEUTICS INC,05464T104,998,14005,,
TREDEGAR CORP,894650100,998,67082,,TG
WEST PHARMACEUTICAL SVSC INC,955306105,994,3639,,
IOVANCE BIOTHERAPEUTICS INC,462260100,987,30410,,
AMPHASTAR PHARMACEUTICALS IN,03209R103,984,52475,,
VARONIS SYS INC,922280102,981,8500,,
HOPE BANCORP INC,43940T109,978,128997,,HOPE
REGIONS FINANCIAL CORP NEW,7591EP100,978,84992,,RF-PF
RESOURCES CONNECTION INC,76122Q105,977,84584,,
UNIVERSAL INS HLDGS INC,91359V107,975,70463,,
ALTICE USA INC,02156K103,974,37463,,
BLUEROCK RESIDENTIAL GWT REI,09627J102,974,128503,,
MODEL N INC,607525102,974,27607,,
HAWKINS INC,420261109,973,21114,,HWKN
Q2 HLDGS INC,74736L109,973,10667,,
ALLEGIANT TRAVEL CO,01748X102,967,8068,,ALGT
DIGITAL RLTY TR INC,253868103,963,6560,,
CHENIERE ENERGY INC,16411R208,958,20699,,
CBIZ INC,124805102,955,41761,,
MAXLINEAR INC,57776J100,955,41096,,
TURTLE BEACH CORP,900450206,954,52402,,TBCH
EXTREME NETWORKS INC,30226D106,952,236719,,EXTR
OCCIDENTAL PETE CORP,674599105,952,95140,,
BAIDU INC,056752108,951,7509,,
KENNEDY-WILSON HOLDINGS INC,489398107,948,65266,,
SUMMIT MATLS INC,86614U100,947,57239,,
PARK AEROSPACE CORP,70014A104,946,86588,,PKE
APOLLO COML REAL EST FIN INC,03762U105,944,104730,,
NAVISTAR INTL CORP NEW,63934E108,943,21651,,
ADVANCED DISP SVCS INC DEL,00790X101,942,31150,,
CHEGG INC,163092109,940,13180,,
HOOKER FURNITURE CORP,439038100,938,36333,,
INDUSTRIAL LOGISTICS PPTYS T,456237106,937,42850,,
MAXAR TECHNOLOGIES INC,57778K105,933,37396,,
CONNS INC,208242107,930,87887,,
SAPIENS INTL CORP N V,G7T16G103,930,30419,,
DUKE REALTY CORP,264411505,927,25118,,
LEXICON PHARMACEUTICALS INC,528872302,926,643153,,
EXTRA SPACE STORAGE INC,30225T102,925,8642,,EXR
CUSTOMERS BANCORP INC,23204G100,924,82480,,
DXC TECHNOLOGY CO,23355L106,924,51779,,DXC
LINCOLN NATL CORP IND,534187109,923,29530,,
AKEBIA THERAPEUTICS INC,00972D105,922,367286,,
EQUIFAX INC,294429105,918,5854,,EFX
HOMETRUST BANCSHARES INC,437872104,917,67524,,
AMERICAN ELEC PWR CO INC,025537101,915,11220,,
EBIX INC,278715206,915,44433,,
CHINA PETROLEUM & CHEMICAL C,16941R108,914,22597,,
UNITED NAT FOODS INC,911163103,912,61325,,
INTERSECT ENT INC,46071F103,910,55793,,
NATIONAL HEALTH INVS INC,63633D104,910,15094,,
SPX CORP,784635104,910,19615,,
LIVEPERSON INC,538146101,907,17451,,LPSN
SHENANDOAH TELECOMMUNICATION,82312B106,907,20407,,
REPLIMUNE GROUP INC,76029N106,905,39327,,
REV GROUP INC,749527107,903,114474,,
HEALTHCARE TR AMER INC,42225P501,902,34702,,
ARDELYX INC,039697107,900,171373,,
EVERSOURCE ENERGY,30040W108,899,10825,,ES
DISNEY WALT CO,254687106,898,7238,,
TRICO BANCSHARES,896095106,898,36665,,
UNIVERSAL TECHNICAL INST INC,913915104,897,176611,,
TANDEM DIABETES CARE INC,875372203,896,7907,,TNDM
ALLAKOS INC,01671P100,895,10983,,
JANUS HENDERSON GROUP PLC,G4474Y214,895,41389,,
CROSS CTRY HEALTHCARE INC,227483104,888,136827,,
IROBOT CORP,462726100,888,11696,,
HAMILTON LANE INC,407497106,887,13727,,HLNE
HANMI FINL CORP,410495204,887,108057,,
UNDER ARMOUR INC,904311107,887,78957,,
ANDERSONS INC,034164103,882,45994,,
ENSTAR GROUP LIMITED,G3075P101,881,5455,,
ORION ENGINEERED CARBONS S A,L72967109,880,70308,,
SAILPOINT TECHNLGIES HLDGS I,78781P105,880,22232,,
SEALED AIR CORP NEW,81211K100,879,22965,,
FIRST FNDTN INC,32026V104,877,67081,,
LIBERTY MEDIA CORP DEL,531229607,877,26517,,FWONB
SUZANO S A,86959K105,877,107307,,
ACADIA PHARMACEUTICALS INC,004225108,876,21230,,ACAD
AUTOLIV INC,052800109,876,12016,,ALV
INVITAE CORP,46185L103,876,20207,,
XYLEM INC,98419M100,874,10389,,XYL
HOUGHTON MIFFLIN HARCOURT CO,44157R109,871,503405,,
GORMAN RUPP CO,383082104,870,29547,,GRC
FOUNDATION BLDG MATLS INC,350392106,869,55302,,
MERSANA THERAPEUTICS INC,59045L106,869,46649,,
CARPARTS COM INC,14427M107,868,80341,,
NANTHEALTH INC,630104107,867,370522,,
BANCO SANTANDER BRASIL S A,05967A107,863,174696,,
ATRICURE INC,04963C209,861,21583,,
NOVANTA INC,67000B104,861,8174,,NOVTU
AMERICAN INTL GROUP INC,026874784,854,31038,,
ENOVA INTL INC,29357K103,853,52055,,
AAON INC,000360206,852,14145,,
IMMUNOGEN INC,45253H101,852,236529,,
DONNELLEY FINL SOLUTIONS INC,25787G100,851,63706,,
SAIA INC,78709Y105,851,6747,,SAIA
PHYSICIANS RLTY TR,71943U104,850,47477,,
CONTINENTAL RES INC,212015101,847,68981,,
FORESTAR GROUP INC,346232101,846,47805,,FOR
LANDS END INC NEW,51509F105,846,64894,,
REGIONAL MGMT CORP,75902K106,844,50636,,
GEO GROUP INC NEW,36162J106,843,74357,,GEO
GROUPON INC,399473206,843,41306,,
ALLIED MOTION TECHNOLOGIES I,019330109,839,20314,,
TENNANT CO,880345103,839,13894,,TNC
ORMAT TECHNOLOGIES INC,686688102,837,14161,,
ORASURE TECHNOLOGIES INC,68554V108,835,68644,,OSUR
INVESTORS REAL ESTATE TR,461730509,833,12777,,
FEDERAL AGRIC MTG CORP,313148306,832,13071,,
INVESTORS BANCORP INC NEW,46146L101,832,114667,,
LAUREATE EDUCATION INC,518613203,832,62683,,
INGERSOLL RAND INC,45687V106,830,23305,,IR
BOTTOMLINE TECH DEL INC,101388106,828,19645,,
FRANKLIN STR PPTYS CORP,35471R106,828,226318,,
PDL BIOPHARMA INC,69329Y104,828,262907,,
FITBIT INC,33812L102,826,118613,,
BONANZA CREEK ENERGY INC,097793400,824,43852,,
CORNING INC,219350105,822,25359,,
RETAIL PPTYS AMER INC,76131V202,822,141465,,
ENCOMPASS HEALTH CORP,29261A100,819,12800,,EHC
MIMECAST LTD,G14838109,815,17367,,
CARS COM INC,14575E105,814,100731,,
IRIDIUM COMMUNICATIONS INC,46269C102,814,31816,,IRDM
SAUL CTRS INC,804395101,814,30622,,
FIRST BANCORP N C,318910106,813,38823,,
CYTOMX THERAPEUTICS INC,23284F105,811,121992,,
EVERTEC INC,30040P103,811,23372,,
AVANOS MED INC,05350V106,810,24388,,
ONTO INNOVATION INC,683344105,808,27137,,ONTO
CYBEROPTICS CORP,232517102,805,25291,,
COMMUNITY TR BANCORP INC,204149108,804,28462,,
ATLAS CORP,Y0436Q109,801,89644,,
SAFEHOLD INC,78645L100,801,12893,,SAFE
NATIONAL STORAGE AFFILIATES,637870106,799,24420,,
MADDEN STEVEN LTD,556269108,798,40918,,
AMERICOLD RLTY TR,03064D108,797,22299,,
AVALONBAY CMNTYS INC,053484101,796,5331,,
CTS CORP,126501105,794,36044,,CTS
LILLY ELI & CO,532457108,792,5434,,
ARGO GROUP INTL HLDGS LTD,G0464B107,789,22921,,
FIRST FINL BANKSHARES,32020R109,788,28251,,
CRA INTL INC,12618T105,784,20911,,
CRYOPORT INC,229050307,782,16508,,
CAI INTERNATIONAL INC,12477X106,780,28328,,
ADVANSIX INC,00773T101,778,60366,,ASIX
LIMELIGHT NETWORKS INC,53261M104,778,135008,,
AMBARELLA INC,G037AX101,777,14899,,AMBA
WORKDAY INC,98138H101,777,3610,,
DIEBOLD NXDF INC,253651103,776,101590,,
XPERI HOLDING CORP,98390M103,776,67505,,
PQ GROUP HLDGS INC,73943T103,772,75256,,
FLUSHING FINL CORP,343873105,771,73285,,
KEURIG DR PEPPER INC,49271V100,763,27641,,KDP
TARGA RES CORP,87612G101,763,54365,,
MEREDITH CORP,589433101,762,58106,,
KAISER ALUMINUM CORP,483007704,759,14169,,KALU
MATRIX SVC CO,576853105,758,90755,,
HORIZON BANCORP INC,440407104,754,74759,,
SUNCOKE ENERGY INC,86722A103,753,220084,,
NATIONAL RETAIL PROPERTIES I,637417106,749,21692,,
OTTER TAIL CORP,689648103,749,20716,,OTTR
THERMON GROUP HLDGS INC,88362T103,748,66591,,
NATIONAL VISION HLDGS INC,63845R107,743,19432,,
SELECTA BIOSCIENCES INC,816212104,743,299648,,
GENTHERM INC,37253A103,742,18144,,THRM
INGREDION INC,457187102,742,9811,,INGR
BARRICK GOLD CORP,067901108,740,26312,,
VIR BIOTECHNOLOGY INC,92764N102,740,21543,,
EPIZYME INC,29428V104,738,61825,,
IVERIC BIO INC,46583P102,737,130732,,
CORE MARK HOLDING CO INC,218681104,733,25322,,
FIRST INTST BANCSYSTEM INC,32055Y201,732,22992,,
PDF SOLUTIONS INC,693282105,726,38797,,PDFS
REPRO MED SYS INC,759910102,724,100332,,
PPG INDS INC,693506107,720,5900,,
ARCTURUS THERAPEUTICS HLDGS,03969T109,719,16756,,
GRAY TELEVISION INC,389375106,719,52210,,
NELNET INC,64031N108,719,11935,,NNI
BANK OF NT BUTTERFIELD&SON L,G0772R208,718,32209,,
BRIDGE BANCORP INC,108035106,716,41056,,
BROOKS AUTOMATION INC NEW,114340102,716,15470,,
HOLOGIC INC,436440101,712,10760,,
MIDLAND STS BANCORP INC ILL,597742105,712,55415,,
HESS CORP,42809H107,711,17361,,
INTELLIGENT SYS CORP NEW,45816D100,711,18238,,
MERCURY SYS INC,589378108,710,9170,,
HAVERTY FURNITURE INC,419596101,709,33852,,
KODIAK SCIENCES INC,50015M109,706,11916,,KOD
VEECO INSTRS INC DEL,922417100,706,60467,,
POTLATCHDELTIC CORPORATION,737630103,704,16735,,
SAREPTA THERAPEUTICS INC,803607100,704,5014,,
AGREE REALTY CORP,008492100,703,11049,,ADC-PA
MICHAELS COS INC,59408Q106,703,72788,,
DURECT CORP,266605104,702,410790,,
ARGAN INC,04010E109,700,16707,,AGX
PURE STORAGE INC,74624M102,700,45474,,
CASELLA WASTE SYS INC,147448104,698,12499,,
HEALTHEQUITY INC,42226A107,696,13634,,
CASSAVA SCIENCES INC,14817C107,695,60370,,
TECHTARGET INC,87874R100,688,15656,,
VAREX IMAGING CORP,92214X106,688,54115,,VREX
DOCUSIGN INC,256163106,685,3181,,
AT HOME GROUP INC,04650Y100,684,46000,,
EDITAS MEDICINE INC,28106W103,683,24330,,
EIDOS THERAPEUTICS INC,28249H104,683,13523,,
CARDLYTICS INC,14161W105,681,9655,,
ADVERUM BIOTECHNOLOGIES INC,00773U108,679,65878,,
INOGEN INC,45780L104,679,23415,,INGN
XCEL ENERGY INC,98389B100,679,9862,,XELLL
EPR PPTYS,26884U109,678,24654,,
RAYONIER INC,754907103,678,25639,,RYN
PETROLEO BRASILEIRO SA PETRO,71654V408,677,95045,,
ESCO TECHNOLOGIES INC,296315104,676,8391,,ESE
ILLUMINA INC,452327109,673,2187,,
AFFIMED N V,N01045108,672,198369,,
ANGIODYNAMICS INC,03475V101,671,55661,,ANGO
RANGE RES CORP,75281A109,670,101136,,
SIGNET JEWELERS LIMITED,G81276100,669,35798,,
THIRD PT REINS LTD,G8827U100,669,96297,,
IQIYI INC,46267X108,668,29590,,
OFG BANCORP,67103X102,663,53181,,OFG
CONMED CORP,207410101,662,8412,,CNMD
GRIFFON CORP,398433102,661,33831,,GFF
TWITTER INC,90184L102,660,14821,,
IRADIMED CORP,46266A109,659,30836,,IRMD
PACWEST BANCORP DEL,695263103,659,38682,,
TEAM INC,878155100,658,119693,,TISI
AEROVIRONMENT INC,008073108,656,10931,,AVAV
WASHINGTON TR BANCORP,940610108,656,21381,,
CEVA INC,157210105,655,16633,,CEVA
BECTON DICKINSON & CO,075887109,650,2822,,BDX
REALOGY HLDGS CORP,75605Y106,647,68520,,
EL POLLO LOCO HLDGS INC,268603107,645,39828,,
ON SEMICONDUCTOR CORP,682189105,645,29719,,ON
VECTOR GROUP LTD,92240M108,642,66293,,
ISTAR INC,45031U101,641,54265,,
ENVESTNET INC,29404K106,640,8294,,
TRANSLATE BIO INC,89374L104,638,46884,,
AMERESCO INC,02361E108,637,19081,,
DULUTH HLDGS INC,26443V101,636,52016,,
ENTERCOM COMMUNICATIONS CORP,293639100,635,394106,,
SYNDAX PHARMACEUTICALS INC,87164F105,634,42935,,SNDX
BALL CORP,058498106,633,7670,,BALL
NATIONAL FUEL GAS CO N J,636180101,625,15391,,
CAMDEN NATL CORP,133034108,622,20583,,
CORECIVIC INC,21871N101,621,77572,,
RADIUS HEALTH INC,750469207,620,54706,,
SERVISFIRST BANCSHARES INC,81768T108,620,18224,,
GREEN DOT CORP,39304D102,619,12223,,GDOT
NORTHERN TR CORP,665859104,618,7925,,
ZYNEX INC,98986M103,618,35428,,
AMERICAN FIN TR INC,02607T109,615,98118,,
ABIOMED INC,003654100,611,2234,,
SOHU COM LTD,83410S108,611,30751,,
SCHNITZER STL INDS,806882106,607,31575,,
REGENERON PHARMACEUTICALS,75886F107,606,1083,,
COPART INC,217204106,603,5734,,CPRT
SHOE CARNIVAL INC,824889109,599,17851,,
BADGER METER INC,056525108,598,9152,,BMI
MANTECH INTL CORP,564563104,598,8687,,
FIBROGEN INC,31572Q808,597,14528,,
AGILENT TECHNOLOGIES INC,00846U101,596,5906,,
B. RILEY FINANCIAL INC,05580M108,591,23571,,
APPIAN CORP,03782L101,587,9068,,APPN
VERACYTE INC,92337F107,587,18056,,
BANK OZK,06417N103,586,27494,,OZKAP
MINERVA NEUROSCIENCES INC,603380106,586,184289,,
SWITCH INC,87105L104,586,37564,,
SURMODICS INC,868873100,584,15005,,
PBF ENERGY INC,69318G106,579,101805,,PBF
ULTRAPAR PARTICIPACOES SA,90400P101,579,169359,,
FIESTA RESTAURANT GROUP INC,31660B101,578,61699,,
PINDUODUO INC,722304102,578,7792,,
BRADY CORP,104674106,573,14313,,BRC
CARMAX INC,143130102,570,6206,,KMX
GENESCO INC,371532102,570,26470,,GCO
AMERICAN EQTY INVT LIFE HLD,025676206,568,25841,,
UNIVEST FINANCIAL CORPORATIO,915271100,568,39518,,
MGE ENERGY INC,55277P104,567,9052,,MGEE
NBT BANCORP INC,628778102,567,21144,,NBTB
CHROMADEX CORP,171077407,566,141201,,
INTERCEPT PHARMACEUTICALS IN,45845P108,565,13633,,
CAREDX INC,14167L103,564,14855,,
NEW YORK CMNTY BANCORP INC,649445103,564,68200,,
AGILYSYS INC,00847J105,561,23218,,AGYS
FULGENT GENETICS INC,359664109,560,13995,,
ROYAL CARIBBEAN GROUP,V7780T103,559,8637,,
SHYFT GROUP INC,825698103,559,29583,,
UNIVERSAL HEALTH RLTY INCM T,91359E105,559,9812,,
ZENDESK INC,98936J101,559,5429,,
ALLSCRIPTS HEALTHCARE SOLUTN,01988P108,557,68388,,
FEDERAL SIGNAL CORP,313855108,557,19032,,
KITE RLTY GROUP TR,49803T300,556,48027,,
CUE BIOPHARMA INC,22978P106,555,36870,,
AVID TECHNOLOGY INC,05367P100,553,64555,,
VICI PPTYS INC,925652109,553,23664,,
TRONOX HOLDINGS PLC,G9087Q102,552,70081,,TROX
FOCUS FINL PARTNERS INC,34417P100,551,16810,,
COMMERCIAL VEH GROUP INC,202608105,550,84203,,
STOCK YDS BANCORP INC,861025104,550,16145,,
QCR HOLDINGS INC,74727A104,549,20032,,QCRH
VISHAY PRECISION GROUP INC,92835K103,549,21687,,
MCDONALDS CORP,580135101,548,2495,,MCD
BANCORP INC DEL,05969A105,547,63355,,
NANOSTRING TECHNOLOGIES INC,63009R109,547,12226,,
GERDAU SA,373737105,540,145839,,
LIFEVANTAGE CORP,53222K205,539,44622,,LFVN
MASTECH DIGITAL INC,57633B100,536,29755,,
HOME BANCSHARES INC,436893200,534,35193,,HOMB
FIRST MERCHANTS CORP,320817109,532,22954,,FRMEP
SOUTH ST CORP,840441109,532,11054,,
CENTRAIS ELETRICAS BRASILEIR,15234Q207,530,95954,,
MALLINCKRODT PUB LTD CO,G5785G107,530,544596,,
ROSETTA STONE INC,777780107,530,17693,,
GUIDEWIRE SOFTWARE INC,40171V100,528,5061,,
CHOICE HOTELS INTL INC,169905106,527,6133,,
MITEK SYS INC,606710200,527,41375,,
IRON MTN INC NEW,46284V101,524,19543,,
VAPOTHERM INC,922107107,524,18054,,
RESIDEO TECHNOLOGIES INC,76118Y104,523,47536,,
EVERQUOTE INC,30041R108,522,13517,,
INSEEGO CORP,45782B104,519,50253,,INSG
JBG SMITH PPTYS,46590V100,518,19379,,
NIO INC,62914V106,518,24427,,NIOIF
BANNER CORP,06652V208,517,16017,,BANR
L3HARRIS TECHNOLOGIES INC,502431109,515,3033,,
KEMPER CORP,488401100,514,7696,,KMPB
WATERSTONE FINL INC MD,94188P101,514,33205,,
EVERBRIDGE INC,29978A104,513,4084,,
INTELLIA THERAPEUTICS INC,45826J105,512,25744,,
NOODLES & CO,65540B105,512,74506,,NDLS
CATO CORP NEW,149205106,509,65058,,CATO
FEDERAL RLTY INVT TR,313747206,509,6930,,
MID-AMER APT CMNTYS INC,59522J103,508,4382,,
COOPER TIRE & RUBR CO,216831107,507,15983,,
2U INC,90214J101,506,14958,,
JOINT CORP,47973J102,506,29122,,JYNT
REVANCE THERAPEUTICS INC,761330109,506,20141,,
COSTAMARE INC,Y1771G102,505,83143,,CMRE-PB
DORMAN PRODUCTS INC,258278100,505,5582,,
CORNERSTONE ONDEMAND INC,21925Y103,504,13875,,
DORIAN LPG LTD,Y2106R110,503,62779,,LPG
AEROJET ROCKETDYNE HLDGS INC,007800105,502,12583,,
ONE LIBERTY PPTYS INC,682406103,502,30712,,
SYNOPSYS INC,871607107,502,2353,,SNPS
RCI HOSPITALITY HLDGS INC,74934Q108,501,24562,,
CARDTRONICS PLC,G1991C105,500,25269,,
PENN VA CORP,70788V102,499,50706,,
MESA AIR GROUP INC,590479135,498,168772,,
CEMEX SAB DE CV,151290889,497,130725,,CXMSF
DIAMONDROCK HOSPITALITY CO,252784301,497,98047,,DRH
JACOBS ENGR GROUP INC,469814107,497,5361,,
DIME CMNTY BANCSHARES INC,253922108,495,43753,,
RETROPHIN INC,761299106,495,26799,,
ALARM COM HLDGS INC,011642105,494,8940,,
PREFERRED BK LOS ANGELES CA,740367404,494,15373,,
GENERAL MLS INC,370334104,492,8153,,
ARDMORE SHIPPING CORP,Y0207T100,491,137903,,ASC
NEWS CORP NEW,65249B109,490,34984,,NWSLL
PEAPACK-GLADSTONE FINL CORP,704699107,488,32240,,
SOCIEDAD QUIMICA Y MINERA DE,833635105,486,15003,,
INNOVATIVE INDL PPTYS INC,45781V101,485,3904,,
TWIN RIV WORLDWIDE HLDGS INC,90171V204,485,18470,,
WABASH NATL CORP,929566107,485,40572,,
E L F BEAUTY INC,26856L103,484,26370,,
KE HLDGS INC,482497104,482,7869,,
UNITED CMNTY BKS BLAIRSVLE G,90984P303,480,28368,,
APELLIS PHARMACEUTICALS INC,03753U106,479,15869,,
CHIMERIX INC,16934W106,479,192458,,
BEYOND MEAT INC,08862E109,478,2878,,
MATTEL INC,577081102,478,40886,,
BOEING CO,097023105,477,2887,,BA-PA
GLACIER BANCORP INC NEW,37637Q105,475,14811,,
RETRACTABLE TECHNOLOGIES INC,76129W105,475,71334,,RVP
COMPANHIA PARANAENSE ENERG C,20441B407,474,43011,,
PIPER SANDLER COMPANIES,724078100,474,6490,,PIPR
EROS STX GLOBAL CORPORATION,G3788M114,473,214233,,
VISTEON CORP,92839U206,473,6900,,VC
MSG NETWORK INC,553573106,471,49165,,
XPEL INC,98379L100,471,18050,,
EAGLE MATLS INC,26969P108,470,5514,,
CHILDRENS PL INC,168905107,469,16530,,
GAMESTOP CORP NEW,36467W109,468,45836,,GME-WT
KADANT INC,48282T104,468,4270,,KAI
BLACK HILLS CORP,092113109,467,8734,,
GATES INDUSTRIAL CORPRATIN P,G39108108,466,41913,,
SANDERSON FARMS INC,800013104,466,3947,,
MUELLER WTR PRODS INC,624758108,464,44668,,
ACCURAY INC,004397105,463,192849,,ARAY
CUSHMAN WAKEFIELD PLC,G2717B108,462,43949,,
AT&T INC,00206R102,460,16167,,T-PC
CHURCH & DWIGHT INC,171340102,458,4928,,
BLUE BIRD CORP,095306106,456,37498,,BLBD
RETAIL OPPORTUNITY INVTS COR,76131N101,453,43508,,
ASTEC INDS INC,046224101,452,8328,,
UNIVERSAL LOGISTICS HLDGS IN,91388P105,452,21650,,
BJS RESTAURANTS INC,09180C106,451,15323,,BJRI
CALITHERA BIOSCIENCES INC,13089P101,449,130045,,
HEALTHPEAK PROPERTIES INC,42250P103,446,16438,,
LIVANOVA PLC,G5509L101,446,10138,,LIVN
PROTAGONIST THERAPEUTICS INC,74366E102,446,22800,,
BLOOM ENERGY CORP,093712107,443,24675,,BE
DIVERSIFIED HEALTHCARE TR,25525P107,443,125741,,
SVMK INC,78489X103,443,20048,,
TRUSTCO BK CORP N Y,898349105,443,84818,,
QUOTIENT TECHNOLOGY INC,749119103,441,59749,,
YUM CHINA HLDGS INC,98850P109,439,8294,,
WAITR HLDGS INC,930752100,438,136180,,
OIL STS INTL INC,678026105,436,159666,,
DOMO INC,257554105,435,11357,,
CUTERA INC,232109108,434,22895,,
ATLANTIC CAP BANCSHARES INC,048269203,431,37955,,
BANCORPSOUTH BK TUPELO MISS,05971J102,431,22250,,
BUCKLE INC,118440106,431,21153,,BKE
OCULAR THERAPEUTIX INC,67576A100,431,56615,,
VIEMED HEALTHCARE INC,92663R105,430,49814,,
COLUMBIA BKG SYS INC,197236102,428,17928,,
CYTOKINETICS INC,23282W605,428,19777,,CYTK
LYDALL INC DEL,550819106,427,25837,,
PROTO LABS INC,743713109,427,3295,,PRLB
HYSTER YALE MATLS HANDLING I,449172105,424,11421,,
NANTKWEST INC,63016Q102,422,60893,,
KNOWLES CORP,49926D109,420,28175,,KN
TENABLE HLDGS INC,88025T102,419,11106,,
METLIFE INC,59156R108,417,11314,,MET-PF
COMPASS MINERALS INTL INC,20451N101,416,7006,,
KADMON HLDGS INC,48283N106,416,106054,,
DSP GROUP INC,23332B106,413,31310,,
LEMAITRE VASCULAR INC,525558201,412,12654,,LMAT
DHT HOLDINGS INC,Y2065G121,411,79714,,
LAKELAND BANCORP INC,511637100,411,41354,,
SYROS PHARMACEUTICALS INC,87184Q107,410,46331,,
ABERCROMBIE & FITCH CO,002896207,409,29333,,
CIRCOR INTL INC,17273K109,408,14921,,
REGENXBIO INC,75901B107,407,14794,,RGNX
ZIX CORP,98974P100,406,69549,,
BALCHEM CORP,057665200,405,4150,,BCPC
BITAUTO HLDGS LTD,091727107,405,25692,,
ZAI LAB LTD,98887Q104,402,4832,,ZLAB
FIRST BUSEY CORP,319383204,401,25250,,
CBTX INC,12481V104,400,24482,,
UNITIL CORP,913259107,400,10361,,UTL
WASHINGTON REAL ESTATE INVT,939653101,400,19858,,
YORK WTR CO,987184108,400,9472,,
STORE CAP CORP,862121100,399,14541,,
TOLL BROTHERS INC,889478103,395,8205,,
DIAMOND S SHIPPING INC,Y20676105,394,57362,,
RECRO PHARMA INC,75629F109,394,187748,,
VICTORY CAP HLDGS INC,92645B103,394,23316,,
INFINERA CORP,45667G103,393,63810,,
SEASPINE HLDGS CORP,81255T108,392,27400,,
ANSYS INC,03662Q105,390,1210,,
PLANTRONICS INC NEW,727493108,390,32951,,
TEJON RANCH CO,879080109,388,27433,,TRC
VERICEL CORP,92346J108,388,20935,,VCEL
CALAMP CORP,128126109,387,53864,,
FARO TECHNOLOGIES INC,311642102,384,6303,,
ACCELERON PHARMA INC,00434H108,382,3396,,
BRIGHTSPHERE INVT GROUP INC,10948W103,381,29570,,
HARPOON THERAPEUTICS INC,41358P106,381,22442,,
AMERICAS CAR-MART INC,03062T105,380,4481,,
OSMOTICA PHARMACEUTICALS PLC,G6S41R101,380,70201,,
FRANCHISE GROUP INC,35180X105,379,14962,,
GOLDEN ENTMT INC,381013101,379,27385,,
REATA PHARMACEUTICALS INC,75615P103,378,3917,,
TWIST BIOSCIENCE CORP,90184D100,378,4977,,TWST
ALEXANDERS INC,014752109,377,1539,,ALX
BIOXCEL THERAPEUTICS INC,09075P105,377,8702,,
KONTOOR BRANDS INC,50050N103,377,15581,,
CROWN HLDGS INC,228368106,376,4918,,
CHUYS HLDGS INC,171604101,374,19123,,
DUCOMMUN INC DEL,264147109,372,11315,,
HELIOS TECHNOLOGIES INC,42328H109,369,10147,,
GRUBHUB INC,400110102,368,5094,,
COMMUNITY BK SYS INC,203607106,366,6712,,
SELECTIVE INS GROUP INC,816300107,366,7176,,
FOX FACTORY HLDG CORP,35138V102,364,4899,,
HEICO CORP NEW,422806109,361,3449,,HEI-A
OMEGA FLEX INC,682095104,361,2303,,
EXACT SCIENCES CORP,30063P105,357,3510,,
BIOCRYST PHARMACEUTICALS INC,09058V103,356,103777,,BCRX
FOX CORP,35137L105,354,12734,,FOX
CHASE CORP,16150R104,353,3705,,
U S XPRESS ENTERPRISES INC,90338N202,352,42600,,
STERLING CONSTRUCTION CO INC,859241101,351,24806,,
EXLSERVICE HOLDINGS INC,302081104,350,5311,,
SL GREEN RLTY CORP,78440X101,350,7538,,
APPLIED INDL TECHNOLOGIES IN,03820C105,349,6342,,
BROADCOM INC,11135F101,349,958,,AVGO
VILLAGE SUPER MKT INC,927107409,349,14183,,
BELLEROPHON THERAPEUTICS INC,078771300,347,34071,,
BRAINSTORM CELL THERAPEUTICS,10501E201,347,20503,,
PHREESIA INC,71944F106,347,10788,,
WP CAREY INC,92936U109,347,5327,,
NEOLEUKIN THERAPEUTICS INC,64049K104,346,28796,,
ARMADA HOFFLER PPTYS INC,04208T108,344,37102,,
IBIO INC,451033203,343,168896,,
APPLE HOSPITALITY REIT INC,03784Y200,341,35433,,
DILLARDS INC,254067101,341,9341,,
SCHWEITZER-MAUDUIT INTL INC,808541106,340,11183,,
SOUTHWESTERN ENERGY CO,845467109,338,143680,,
AMERICAN AIRLS GROUP INC,02376R102,337,27415,,
VBI VACCINES INC,91822J103,336,117546,,
BARNES GROUP INC,067806109,335,9369,,
ALBANY INTL CORP,012348108,333,6717,,
ALPHA & OMEGA SEMICONDUCTOR,G6331P104,333,26010,,AOSL
LIQUIDITY SERVICES INC,53635B107,329,44155,,LQDT
MOELIS & CO,60786M105,329,9372,,MC
BRIGHT HORIZONS FAM SOL IN D,109194100,326,2162,,
GLOBAL BLOOD THERAPEUTICS IN,37890U108,326,5974,,
ASSEMBLY BIOSCIENCES INC,045396108,325,19761,,
BRYN MAWR BK CORP,117665109,324,13030,,
ALLOGENE THERAPEUTICS INC,019770106,323,8576,,
ATRION CORP,049904105,323,516,,
NEWPARK RES INC,651718504,323,307534,,
RUTHS HOSPITALITY GROUP INC,783332109,323,29233,,
TRANSDIGM GROUP INC,893641100,323,680,,TDG
MOHAWK INDS INC,608190104,322,3296,,
OLD NATL BANCORP IND,680033107,321,25523,,
INTER PARFUMS INC,458334109,320,8572,,
CRAFT BREW ALLIANCE INC,224122101,319,19350,,
DMC GLOBAL INC,23291C103,319,9678,,BOOM
XENIA HOTELS & RESORTS INC,984017103,317,36068,,
DIGI INTL INC,253798102,315,20127,,
CONSTRUCTION PARTNERS INC,21044C107,314,17252,,
NORDIC AMERICAN TANKERS LIMI,G65773106,314,89909,,
CHINA BIOLOGIC PRODS HLDGS I,G21515104,313,2814,,
NATIONAL CINEMEDIA INC,635309107,313,115393,,
COVENANT LOGISTICS GROUP INC,22284P105,311,17793,,
RE MAX HLDGS INC,75524W108,310,9482,,
ICAD INC,44934S206,307,34843,,
AAR CORP,000361105,306,16287,,AIR
SHOTSPOTTER INC,82536T107,305,9819,,
ALAMO GROUP INC,011311107,304,2813,,ALG
LINDSAY CORP,535555106,303,3139,,LNN
ACADIA RLTY TR,004239109,301,28653,,
TRANSOCEAN LTD,H8817H100,301,373142,,RIG
FIRST HORIZON NATL CORP,320517105,300,32044,,
KULICKE & SOFFA INDS INC,501242101,300,13411,,
NEXPOINT RESIDENTIAL TR INC,65341D102,300,6766,,
PROVENTION BIO INC,74374N102,300,23372,,
ST JOE CO,790148100,299,14470,,JOE
FRONTLINE LTD,G3682E192,298,45856,,
ORTHOPEDIATRICS CORP,68752L100,298,6495,,KIDS
HEARTLAND EXPRESS INC,422347104,297,15988,,HTLD
TRINITY INDS INC,896522109,297,15236,,
CALIFORNIA WTR SVC GROUP,130788102,296,6823,,
FUELCELL ENERGY INC,35952H601,296,138124,,FCELB
AMERICAN AXLE & MFG HLDGS IN,024061103,295,51205,,
ITRON INC,465741106,292,4814,,
CONTRAFECT CORP,212326300,291,55085,,
OVID THERAPEUTICS INC,690469101,291,50634,,OVID
SEI INVTS CO,784117103,291,5739,,
AGNICO EAGLE MINES LTD,008474108,290,3644,,AEM
SNAP INC,83304A106,290,11111,,SNAP
ENPRO INDS INC,29355X107,288,5107,,
RELMADA THERAPEUTICS INC,75955J402,288,7656,,
LAKELAND FINL CORP,511656100,287,6958,,
AGENUS INC,00847G705,286,71435,,AGEN
COREPOINT LODGING INC,21872L104,286,52516,,
AVISTA CORP,05379B107,285,8346,,AVA
TITAN MACHY INC,88830R101,285,21519,,
DELPHI TECHNOLOGIES PL,G2709G107,283,16927,,
FREEDOM HLDG CORP NEV,356390104,283,11811,,
REXFORD INDL RLTY INC,76169C100,282,6159,,
LTC PPTYS INC,502175102,281,8051,,
ONTRAK INC,683373104,281,4686,,
SIMMONS 1ST NATL CORP,828730200,281,17730,,
FORTRESS BIOTECH INC,34960Q109,280,69261,,
KINIKSA PHARMACEUTICALS LTD,G5269C101,280,18258,,
BLUCORA INC,095229100,279,29626,,
INNOSPEC INC,45768S105,279,4400,,IOSP
PEOPLES BANCORP INC,709789101,279,14594,,PEBO
PLDT INC,69344D408,279,10317,,PHTCF
IAA INC,449253103,278,5342,,
CASS INFORMATION SYS INC,14808P109,277,6877,,
HALLIBURTON CO,406216101,277,23009,,HAL
RBC BEARINGS INC,75524B104,277,2283,,RBC
VOYAGER THERAPEUTICS INC,92915B106,277,25920,,
BANK MARIN BANCORP,063425102,276,9522,,
KAMAN CORP,483548103,276,7084,,
ARLO TECHNOLOGIES INC,04206A101,275,52246,,
QUAD / GRAPHICS INC,747301109,275,90690,,
NLIGHT INC,65487K100,274,11654,,
U S CONCRETE INC,90333L201,270,9291,,
BED BATH & BEYOND INC,075896100,269,17978,,
BRASKEM S A,105532105,269,35955,,
GLOBAL MED REIT INC,37954A204,268,19836,,
SIX FLAGS ENTMT CORP NEW,83001A102,266,13096,,
KNOLL INC,498904200,265,21981,,
SPIRIT AEROSYSTEMS HLDGS INC,848574109,265,13999,,
BILIBILI INC,090040106,263,6332,,BLBLF
FORTIVE CORP,34959J108,263,3449,,FTV
HCI GROUP INC,40416E103,263,5332,,
SELECT INTERIOR CONCEPTS INC,816120307,263,38123,,
CARGURUS INC,141788109,262,12096,,
CHAMPIONX CORPORATION,15872M104,262,32853,,
EMERSON ELEC CO,291011104,262,3990,,
AKCEA THERAPEUTICS INC,00972L107,261,14387,,
BERRY CORP,08579X101,261,82457,,
HESKA CORP,42805E306,261,2640,,
SOLENO THERAPEUTICS INC,834203200,260,103569,,
ASSERTIO HOLDINGS INC,04546C106,258,387706,,
CEL-SCI CORP,150837607,258,20237,,
DYCOM INDS INC,267475101,258,4878,,
ALTRA INDL MOTION CORP,02208R106,257,6958,,
INDEPENDENT BANK CORP MASS,453836108,257,4913,,
BRF SA,10552T107,256,78070,,
PIERIS PHARMACEUTICALS INC,720795103,254,122914,,
ELASTIC N V,N14506104,253,2346,,
KALA PHARMACEUTICALS INC,483119103,253,33767,,
LIVEXLIVE MEDIA INC,53839L208,252,96924,,
ZTO EXPRESS CAYMAN INC,98980A105,252,8419,,
CARRIAGE SVCS INC,143905107,251,11251,,
CHEESECAKE FACTORY INC,163072101,251,9057,,CAKE
BIOTELEMETRY INC,090672106,250,5480,,
R1 RCM INC,749397105,250,14595,,
TWO HBRS INVT CORP,90187B408,249,48950,,
ARVINAS INC,04335A105,248,10504,,
TTM TECHNOLOGIES INC,87305R109,247,21678,,TTMI
BAKER HUGHES COMPANY,05722G100,246,18475,,
SITE CTRS CORP,82981J109,246,34141,,
SM ENERGY CO,78454L100,246,154635,,SM
QUAKER CHEM CORP,747316107,244,1360,,
CONNECTONE BANCORP INC,20786W107,242,17191,,
PDC ENERGY INC,69327R101,242,19526,,
VORNADO RLTY TR,929042109,242,7175,,
ESSENTIAL PPTYS RLTY TR INC,29670E107,240,13099,,
KIRBY CORP,497266106,240,6634,,KEX
UFP TECHNOLOGIES INC,902673102,239,5781,,UFPT
BANCFIRST CORP,05945F103,237,5799,,
NMI HLDGS INC,629209305,236,13268,,
STARWOOD PPTY TR INC,85571B105,236,15668,,
GENPREX INC,372446104,235,70001,,
MONMOUTH REAL ESTATE INVT CO,609720107,235,16968,,
REVOLVE GROUP INC,76156B107,234,14220,,
WESBANCO INC,950810101,234,10956,,WSBCO
GREEN PLAINS INC,393222104,233,15038,,GPRE
K12 INC,48273U102,232,8826,,
COLONY CAP INC NEW,19626G108,231,84660,,
EVOLENT HEALTH INC,30050B101,231,18577,,
FIREEYE INC,31816Q101,231,18749,,
MUSTANG BIO INC,62818Q104,231,73404,,
OLIN CORP,680665205,227,18355,,OLN
RLI CORP,749607107,227,2716,,RLI
WESTAMERICA BANCORPORATION,957090103,227,4184,,WABC
GREENBRIER COS INC,393657101,226,7692,,
I3 VERTICALS INC,46571Y107,226,8951,,
INTELLICHECK INC,45817G201,226,33917,,
TRIBUNE PUBG CO NEW,89609W107,226,19420,,
BROADMARK RLTY CAP INC,11135B100,225,22865,,
FIRST COMWLTH FINL CORP PA,319829107,224,28986,,
TAUBMAN CTRS INC,876664103,224,6723,,
SKYWEST INC,830879102,223,7480,,SKYW
STERICYCLE INC,858912108,223,3535,,
RYMAN HOSPITALITY PPTYS INC,78377T107,222,6031,,
FBL FINL GROUP INC,30239F106,221,4576,,
CENTURY ALUM CO,156431108,220,30906,,
VEREIT INC,92339V100,220,33863,,
DAVE & BUSTERS ENTMT INC,238337109,219,14421,,
GREAT WESTN BANCORP INC,391416104,219,17621,,
CINCINNATI FINL CORP,172062101,218,2800,,
COMPANHIA SIDERURGICA NACION,20440W105,218,74224,,
COUSINS PPTYS INC,222795502,218,7631,,
SMARTSHEET INC,83200N103,218,4403,,
FIRST BANCSHARES INC MS,318916103,217,10329,,
ARBOR REALTY TRUST INC,038923108,216,18802,,ABR-PF
BRIDGEBIO PHARMA INC,10806X102,216,5749,,
POSCO,693483109,215,5128,,
HEWLETT PACKARD ENTERPRISE C,42824C109,213,22690,,
MFA FINL INC,55272X102,213,79655,,
HURON CONSULTING GROUP INC,447462102,211,5361,,HURN
WYNN RESORTS LTD,983134107,210,2925,,WYNN
KOSMOS ENERGY LTD,500688106,209,214667,,KOS
AVID BIOSERVICES INC,05368M106,208,27286,,
OMEGA HEALTHCARE INVS INC,681936100,208,6937,,
SHARPS COMPLIANCE CORP,820017101,208,33128,,
TOWNEBANK PORTSMOUTH VA,89214P109,208,12682,,
PAGERDUTY INC,69553P100,207,7635,,
SOUTHSIDE BANCSHARES INC,84470P109,207,8480,,SBSI
WATTS WATER TECHNOLOGIES INC,942749102,207,2064,,WTS
SOLARIS OILFIELD INFRSTR INC,83418M103,206,32523,,
ALPHATEC HLDGS INC,02081G201,204,30659,,
ANAPLAN INC,03272L108,204,3329,,
HERITAGE COMM CORP,426927109,204,30579,,
WILLSCOT MOBIL MINI HLDNG CO,971378104,203,12174,,
EIGER BIOPHARMACEUTICALS INC,28249U105,202,24839,,
EQUITRANS MIDSTREAM CORP,294600101,202,23925,,
LUNA INNOVATIONS,550351100,202,33770,,
LANDEC CORP,514766104,201,20658,,
GSX TECHEDU INC,36257Y109,200,2221,,
INTERNATIONAL MNY EXPRESS IN,46005L101,200,13904,,
MONTAGE RES CORP,61179L100,199,45226,,
GLADSTONE COMMERCIAL CORP,376536108,198,11754,,GOODO
UMH PPTYS INC,903002103,198,14660,,
NEW RESIDENTIAL INVT CORP,64828T201,196,24709,,
FLEXION THERAPEUTICS INC,33938J106,195,18736,,
MAGENTA THERAPEUTICS INC,55910K108,194,28526,,
BOSTON OMAHA CORP,101044105,192,11975,,BOC
ASPIRA WOMENS HEALTH INC,04537Y109,189,61285,,
FRANKLIN COVEY CO,353469109,186,10500,,FC
ATOMERA INC,04965B100,184,17567,,ATOM
CARROLS RESTAURANT GROUP INC,14574X104,184,28552,,
CHANGE HEALTHCARE INC,15912K100,184,12692,,
CHICOS FAS INC,168615102,184,189416,,
CODEXIS INC,192005106,184,15675,,
ARAVIVE INC,03890D108,183,38955,,
ATHERSYS INC NEW,04744L106,182,93241,,
AMERICAN VANGUARD CORP,030371108,181,13764,,AVD
ERIE INDTY CO,29530P102,181,861,,
AGILE THERAPEUTICS INC,00847L100,179,58833,,
ASPEN GROUP INC,04530L203,179,16027,,
BRIGHTVIEW HLDGS INC,10948C107,178,15574,,
GDS HLDGS LTD,36165L108,177,2167,,
HERSHA HOSPITALITY TR,427825500,175,31530,,
ANAVEX LIFE SCIENCES CORP,032797300,173,37938,,AVXL
MYERS INDS INC,628464109,173,13064,,
NATIONAL INSTRS CORP,636518102,172,4818,,
NEW YORK MTG TR INC,649604501,172,67536,,
ALECTOR INC,014442107,168,15931,,
PARATEK PHARMACEUTICALS INC,699374302,168,30996,,
TEXTAINER GROUP HOLDINGS LTD,G8766E109,168,11857,,
EXELON CORP,30161N101,167,4669,,EXC
VONAGE HLDGS CORP,92886T201,167,16366,,
KINROSS GOLD CORP,496902404,166,18852,,KGCRF
GLADSTONE LD CORP,376549101,164,10932,,
PREMIER FINANCIAL CORP,74052F108,162,10390,,
VERISK ANALYTICS INC,92345Y106,162,873,,
GOLD RESOURCE CORP,38068T105,159,46712,,
VERITONE INC,92347M100,157,17122,,
FRANKS INTL N V,N33462107,155,100368,,
GLATFELTER,377316104,155,11290,,
MEI PHARMA INC,55279B202,155,49618,,
MAGNITE INC,55955D100,154,22118,,
COLUMBIA FINL INC,197641103,153,13745,,
MAGNACHIP SEMICONDUCTOR CORP,55933J203,153,11195,,MX
PNC FINL SVCS GROUP INC,693475105,152,1404,,
FIRST FINL BANCORP OH,320209109,151,12553,,
GLYCOMIMETICS INC,38000Q102,150,48984,,
ACTIVISION BLIZZARD INC,00507V109,149,1847,,
FIRST LONG IS CORP,320734106,149,10072,,
TENNECO INC,880349105,149,21492,,
PAVMED INC,70387R106,148,83166,,PAVM
MEIRAGTX HLDGS PLC,G59665102,142,10719,,
SYNCHRONOSS TECHNOLOGIES INC,87157B103,141,47004,,
PEBBLEBROOK HOTEL TR,70509V100,136,10857,,
VIPSHOP HOLDINGS LIMITED,92763W103,136,8678,,
QUANTUM CORP,747906501,134,29211,,
BROOKLINE BANCORP INC DEL,11373M107,132,15232,,
FENNEC PHARMACEUTICALS INC,31447P100,132,21759,,FENC
PARK HOTELS RESORTS INC,700517105,132,13184,,
WIDEOPENWEST INC,96758W101,129,24885,,
ALCOA CORP,013872106,127,10907,,AA
OVERSEAS SHIPHOLDING GROUP I,69036R863,127,59515,,
VERU INC,92536C103,126,48271,,VERU
FIRST MIDWEST BANCORP DEL,320867104,124,11495,,
IMMERSION CORP,452521107,122,17334,,IMMR
STEREOTAXIS INC,85916J409,122,34024,,
DYNAVAX TECHNOLOGIES CORP,268158201,119,27479,,
MISTRAS GROUP INC,60649T107,119,30519,,
CURO GROUP HOLDINGS CORP,23131L107,116,16498,,
ABEONA THERAPEUTICS INC,00289Y107,115,112554,,ABEO
APPLIED GENETIC TECHNOLOGIES,03820J100,114,23551,,
DYADIC INTL INC DEL,26745T101,114,15073,,
MONEYGRAM INTL INC,60935Y208,114,40389,,
SOUTHERN COPPER CORP,84265V105,111,2441,,
DASEKE INC,23753F107,109,20370,,
TECHNIPFMC PLC,G87110105,109,17223,,FTI
CADIZ INC,127537207,108,10859,,CDZIP
CATALYST BIOSCIENCES INC,14888D208,105,24443,,
NATURAL GROCERS BY VITAMIN C,63888U108,102,10375,,
RPC INC,749660106,102,38646,,RES
RLJ LODGING TR,74965L101,101,11689,,
FARMLAND PARTNERS INC,31154R109,100,15060,,FPI
AKOUSTIS TECHNOLOGIES INC,00973N102,99,12077,,
PFSWEB INC,717098206,99,14760,,
CALERES INC,129500104,98,10215,,CAL
CERUS CORP,157085101,98,15656,,CERS
EVERI HLDGS INC,30034T103,96,11606,,
HC2 HLDGS INC,404139107,96,39482,,
TFS FINL CORP,87240R107,96,6505,,
SPECTRUM PHARMACEUTICALS INC,84763A108,94,23030,,
GERON CORP,374163103,93,53558,,GERN
AQUESTIVE THERAPEUTICS INC,03843E104,92,19010,,
CONTANGO OIL & GAS CO,21075N204,92,68782,,
LIQUIDIA TECHNOLOGIES INC,53635D202,91,18419,,
TELENAV INC,879455103,88,24467,,
WATERS CORP,941848103,87,443,,
JOYY INC,46591M109,85,1059,,JOYY
QIAGEN NV,N72482123,85,1624,,
RIBBON COMMUNICATIONS INC,762544104,83,21469,,RBBN
PRECISION BIOSCIENCES INC,74019P108,82,13247,,DTIL
YAMANA GOLD INC,98462Y100,81,14211,,
ENZO BIOCHEM INC,294100102,80,37888,,
EZCORP INC,302301106,80,15902,,EZPW
AVEO PHARMACEUTICALS INC,053588307,79,13249,,
OCEANEERING INTL INC,675232102,79,22418,,
AXT INC,00246W103,78,12699,,AXTI
CLEAN ENERGY FUELS CORP,184499101,77,31073,,CLNE
ORBCOMM INC,68555P100,76,22223,,
EVOFEM BIOSCIENCES INC,30048L104,75,31743,,
MANNKIND CORP,56400P706,74,39517,,MNKD
M & T BK CORP,55261F104,72,796,,
ACACIA RESH CORP,003881307,71,20538,,
PITNEY BOWES INC,724479100,71,13358,,
BIOSIG TECHNOLOGIES INC,09073N201,70,14164,,
ENEL CHILE S.A.,29278D105,69,19948,,ENIC
PREFERRED APT CMNTYS INC,74039L103,66,12249,,
LENDINGCLUB CORP,52603A208,64,13552,,
CODA OCTOPUS GROUP INC,19188U206,60,10769,,
PIXELWORKS INC,72581M305,58,28383,,
RIGEL PHARMACEUTICALS INC,766559603,58,24237,,RIGL
MAIDEN HOLDINGS LTD,G5753U112,57,46570,,
OPTINOSE INC,68404V100,55,14138,,
EXTERRAN CORP,30227H106,48,11522,,
HELIX ENERGY SOLUTIONS GRP I,42330P107,37,15189,,
CTI BIOPHARMA CORP,12648L601,33,15365,,
