quarter,filing_13f_hr_count,filing_13f_nt_count,top_new_filers_json
2019Q1,10000,1578,"[{""cik"": """", ""name"": ""BANK OF HAWAII CORP  (BOH, BOH-PA, BOH-PB)  (CIK 0000046195)"", ""date"": ""2019-03-01""}, {""cik"": """", ""name"": ""BANK OF HAWAII CORP  (BOH, BOH-PA, BOH-PB)  (CIK 0000046195)"", ""date"": ""2019-03-01""}, {""cik"": """", ""name"": ""BARCLAYS BANK PLC  (DJP, GRN, VXX, VXZ, ATMP, BWVTF, COWTF, JJCTF, JJETF, JJGTF, PGMFF)  (CIK 0000312070)"", ""date"": ""2019-02-14""}, {""cik"": """", ""name"": ""Alliance United Insurance Co  (CIK 0001714670)"", ""date"": ""2019-02-14""}, {""cik"": """", ""name"": ""BlackRock Internationl, Ltd.  (CIK 0001426459)"", ""date"": ""2019-02-08""}, {""cik"": """", ""name"": ""MORGAN STANLEY & CO. LLC  (CIK 0001359291)"", ""date"": ""2019-02-14""}, {""cik"": """", ""name"": ""HILLS BANCORPORATION  (HBIA)  (CIK 0000732417)"", ""date"": ""2019-01-28""}, {""cik"": """", ""name"": ""BlackRock Fund Managers Ltd.  (CIK 0001388402)"", ""date"": ""2019-02-08""}, {""cik"": """", ""name"": ""Cartica Management, L.P.  (CIK 0001599919)"", ""date"": ""2019-02-13""}, {""cik"": """", ""name"": ""PRINCIPAL REAL ESTATE INVESTORS LLC  (CIK 0001218333)"", ""date"": ""2019-02-14""}, {""cik"": """", ""name"": ""Kinetics Advisers, LLC  (CIK 0001527271)"", ""date"": ""2019-02-14""}, {""cik"": """", ""name"": ""MFS Heritage Trust CO  (CIK 0001443067)"", ""date"": ""2019-02-13""}, {""cik"": """", ""name"": ""Deutsche Bank Trust CO Delaware  (CIK 0001370961)"", ""date"": ""2019-02-14""}, {""cik"": """", ""name"": ""Clarus Ventures, LLC  (CIK 0001431431)"", ""date"": ""2019-02-14""}, {""cik"": """", ""name"": ""XL Group Investments Ltd  (CIK 0001572311)"", ""date"": ""2019-02-13""}, {""cik"": """", ""name"": ""SPRUCE HOUSE PARTNERSHIP LP  (CIK 0001389653)"", ""date"": ""2019-02-14""}, {""cik"": """", ""name"": ""Scion Capital Group, LLC  (CIK 0001768023)"", ""date"": ""2019-02-14""}, {""cik"": """", ""name"": ""Wilmington Trust, National Association  (CIK 0001537825)"", ""date"": ""2019-02-01""}, {""cik"": """", ""name"": ""Allianz Fund Investments, Inc.  (CIK 0001702249)"", ""date"": ""2019-01-30""}, {""cik"": """", ""name"": ""Bellevue Asset Management AG  (CIK 0001642343)"", ""date"": ""2019-02-12""}, {""cik"": """", ""name"": ""HSBC PRIVATE BANK (SUISSE) LTD  (CIK 0001581771)"", ""date"": ""2019-02-12""}, {""cik"": """", ""name"": ""Fidelity (Canada) Asset Management ULC  (CIK 0001628278)"", ""date"": ""2019-02-13""}, {""cik"": """", ""name"": ""Invesco Capital Management LLC  (CIK 0001224696)"", ""date"": ""2019-02-14""}, {""cik"": """", ""name"": ""ABRAMS BISON PARTNERS, LP  (CIK 0001317587)"", ""date"": ""2019-02-14""}, {""cik"": """", ""name"": ""ICAHN ENTERPRISES HOLDINGS L.P.  (CIK 0001034563)"", ""date"": ""2019-02-14""}]"
2019Q2,10000,1631,"[{""cik"": """", ""name"": ""Morgan Stanley Asia Ltd  (CIK 0001767823)"", ""date"": ""2019-04-23""}, {""cik"": """", ""name"": ""Morgan Stanley Wealth Management Australia Pty Ltd  (CIK 0001767825)"", ""date"": ""2019-04-23""}, {""cik"": """", ""name"": ""Morgan Stanley Wealth Management Australia Pty Ltd  (CIK 0001767825)"", ""date"": ""2019-04-23""}, {""cik"": """", ""name"": ""Morgan Stanley Asia Ltd  (CIK 0001767823)"", ""date"": ""2019-04-23""}, {""cik"": """", ""name"": ""Morgan Stanley Wealth Management Australia Pty Ltd  (CIK 0001767825)"", ""date"": ""2019-04-23""}, {""cik"": """", ""name"": ""Morgan Stanley Wealth Management Australia Pty Ltd  (CIK 0001767825)"", ""date"": ""2019-04-23""}, {""cik"": """", ""name"": ""Morgan Stanley Asia Ltd  (CIK 0001767823)"", ""date"": ""2019-04-23""}, {""cik"": """", ""name"": ""Morgan Stanley Asia Ltd  (CIK 0001767823)"", ""date"": ""2019-04-23""}, {""cik"": """", ""name"": ""Atlas Venture Associates VI, L.P.  (CIK 0001292359)"", ""date"": ""2019-05-13""}, {""cik"": """", ""name"": ""Alliance United Insurance Co  (CIK 0001714670)"", ""date"": ""2019-05-15""}, {""cik"": """", ""name"": ""PRINCIPAL GLOBAL INVESTORS  (CIK 0000769734)"", ""date"": ""2019-05-10""}, {""cik"": """", ""name"": ""SeaTown Master Fund  (CIK 0001567591)"", ""date"": ""2019-04-30""}, {""cik"": """", ""name"": ""Investacorp Advisory Services, Inc.  (CIK 0001722470)"", ""date"": ""2019-05-15""}, {""cik"": """", ""name"": ""KEYBANC CAPITAL MARKETS,INC /OH/  (CIK 0001074714)"", ""date"": ""2019-05-08""}, {""cik"": """", ""name"": ""Leucadia Investment Management Ltd  (CIK 0001697634)"", ""date"": ""2019-05-15""}, {""cik"": """", ""name"": ""BNP PARIBAS ASSET MANAGEMENT Nederland N.V  (CIK 0001541837)"", ""date"": ""2019-04-26""}, {""cik"": """", ""name"": ""TCW INVESTMENT MANAGEMENT Co LLC  (CIK 0001145263)"", ""date"": ""2019-05-13""}, {""cik"": """", ""name"": ""EDMOND DE ROTHSCHILD (MONACO)  (CIK 0001689918)"", ""date"": ""2019-05-13""}, {""cik"": """", ""name"": ""MFS Investment Management CO (LUX) S.A.R.L.  (CIK 0001442898)"", ""date"": ""2019-05-13""}, {""cik"": """", ""name"": ""Mill Road Capital II GP LLC  (CIK 0001550728)"", ""date"": ""2019-05-15""}, {""cik"": """", ""name"": ""NOVEM  (CIK 0001117699)"", ""date"": ""2019-05-15""}, {""cik"": """", ""name"": ""Oaktree Holdings, Inc.  (CIK 0001403382)"", ""date"": ""2019-05-15""}, {""cik"": """", ""name"": ""JPMorgan Asset Management (UK) Ltd  (CIK 0001362941)"", ""date"": ""2019-05-07""}, {""cik"": """", ""name"": ""J.P. Morgan Securities plc  (CIK 0001373636)"", ""date"": ""2019-05-07""}, {""cik"": """", ""name"": ""CIBC National Trust Co  (CIK 0001607902)"", ""date"": ""2019-05-10""}]"
2019Q3,10000,1574,"[{""cik"": """", ""name"": ""KBC Participations Renta C  (CIK 0001698351)"", ""date"": ""2019-08-08""}, {""cik"": """", ""name"": ""Ceskoslovenska Obchodni Banka a.s.  (CIK 0001698340)"", ""date"": ""2019-08-07""}, {""cik"": """", ""name"": ""GTO LLC  (CIK 0001586463)"", ""date"": ""2019-08-16""}, {""cik"": """", ""name"": ""KBC Participations Renta C  (CIK 0001698351)"", ""date"": ""2019-08-07""}, {""cik"": """", ""name"": ""Ceskoslovenska Obchodni Banka a.s.  (CIK 0001698340)"", ""date"": ""2019-08-08""}, {""cik"": """", ""name"": ""BNP PARIBAS SECURITIES CORP  (CIK 0001197610)"", ""date"": ""2019-07-31""}, {""cik"": """", ""name"": ""Harrell Christopher J.  (CIK 0001698066)"", ""date"": ""2019-08-08""}, {""cik"": """", ""name"": ""INDEXIQ LLC  (CIK 0001483922)"", ""date"": ""2019-08-12""}, {""cik"": """", ""name"": ""Apollo Capital Management, L.P.  (CIK 0001456421)"", ""date"": ""2019-08-14""}, {""cik"": """", ""name"": ""PPM AMERICA INC/IL  (CIK 0000898417)"", ""date"": ""2019-08-14""}, {""cik"": """", ""name"": ""Flagship Ventures Fund IV General Partner LLC  (CIK 0001508051)"", ""date"": ""2019-08-13""}, {""cik"": """", ""name"": ""SEATOWN CAPITAL PTE. LTD.  (CIK 0001591529)"", ""date"": ""2019-08-01""}, {""cik"": """", ""name"": ""J.P. Morgan Securities plc  (CIK 0001373636)"", ""date"": ""2019-08-07""}, {""cik"": """", ""name"": ""PICTET ASSET MANAGEMENT SA  (CIK 0001361570)"", ""date"": ""2019-08-13""}, {""cik"": """", ""name"": ""Manulife Investment Management (Europe) Ltd  (CIK 0001528732)"", ""date"": ""2019-07-26""}, {""cik"": """", ""name"": ""Greenlight Masters, LLC  (CIK 0001449674)"", ""date"": ""2019-08-14""}, {""cik"": """", ""name"": ""Deer Park Road Management GP, LLC  (CIK 0001702367)"", ""date"": ""2019-08-14""}, {""cik"": """", ""name"": ""Broken Clock Management, L.L.C.  (CIK 0001609286)"", ""date"": ""2019-08-14""}, {""cik"": """", ""name"": ""AMUNDI HONG KONG LTD  (CIK 0001696433)"", ""date"": ""2019-08-14""}, {""cik"": """", ""name"": ""Eastspring Securities Investment Trust Co. Ltd  (CIK 0001512285)"", ""date"": ""2019-08-14""}, {""cik"": """", ""name"": ""SC U.S. Growth VII Management, L.P.  (CIK 0001742978)"", ""date"": ""2019-08-14""}, {""cik"": """", ""name"": ""JWM Capital LLC  (CIK 0001387302)"", ""date"": ""2019-08-14""}, {""cik"": """", ""name"": ""SIT INVESTMENT FIXED INCOME ADVISORS INC  (CIK 0001086316)"", ""date"": ""2019-08-14""}, {""cik"": """", ""name"": ""H PARTNERS, LP  (CIK 0001364411)"", ""date"": ""2019-08-14""}, {""cik"": """", ""name"": ""Nebraska Furniture Mart  (CIK 0001314725)"", ""date"": ""2019-08-14""}]"
2019Q4,10000,1647,"[{""cik"": """", ""name"": ""Vitol Holding B.V.  (CIK 0001546531)"", ""date"": ""2019-10-31""}, {""cik"": """", ""name"": ""Barclays Capital INC  (CIK 0001484219)"", ""date"": ""2019-11-15""}, {""cik"": """", ""name"": ""First Commonwealth Bank  (CIK 0001362556)"", ""date"": ""2019-11-14""}, {""cik"": """", ""name"": ""SEB Investment Management AB  (CIK 0001667108)"", ""date"": ""2019-11-12""}, {""cik"": """", ""name"": ""QMA LLC  (CIK 0001316541)"", ""date"": ""2019-11-13""}, {""cik"": """", ""name"": ""Cooperatieve Rabobank U.A.  (CIK 0001098062)"", ""date"": ""2019-11-14""}, {""cik"": """", ""name"": ""Deutsche Bank Trust CO Delaware  (CIK 0001370961)"", ""date"": ""2019-11-14""}, {""cik"": """", ""name"": ""CPR Asset Management  (CIK 0001330434)"", ""date"": ""2019-11-14""}, {""cik"": """", ""name"": ""CITY NATIONAL ROCHDALE, LLC  (CIK 0001009289)"", ""date"": ""2019-11-14""}, {""cik"": """", ""name"": ""FMR CO INC  (CIK 0001145247)"", ""date"": ""2019-11-13""}, {""cik"": """", ""name"": ""Harvest Global Investments Ltd  (CIK 0001640161)"", ""date"": ""2019-11-14""}, {""cik"": """", ""name"": ""ROCKEFELLER TRUST COMPANY, N.A.  (CIK 0000866998)"", ""date"": ""2019-11-12""}, {""cik"": """", ""name"": ""KBI Global Investors Ltd  (CIK 0001410251)"", ""date"": ""2019-11-14""}, {""cik"": """", ""name"": ""FIG LLC  (CIK 0001245521)"", ""date"": ""2019-11-14""}, {""cik"": """", ""name"": ""MFS Investment Management K.K.  (CIK 0001442857)"", ""date"": ""2019-11-05""}, {""cik"": """", ""name"": ""Eastspring Securities Investment Trust Co. Ltd  (CIK 0001512285)"", ""date"": ""2019-10-04""}, {""cik"": """", ""name"": ""SMBC Trust Bank Ltd.  (CIK 0001748941)"", ""date"": ""2019-11-08""}, {""cik"": """", ""name"": ""Nomura Asset Management Taiwan Ltd.  (CIK 0001674607)"", ""date"": ""2019-11-13""}, {""cik"": """", ""name"": ""RBC Trust Co (International) Ltd  (CIK 0001456584)"", ""date"": ""2019-11-07""}, {""cik"": """", ""name"": ""Overlook Investments (BVI) Ltd  (CIK 0001569762)"", ""date"": ""2019-11-12""}, {""cik"": """", ""name"": ""London & Capital Wealth Advisers Ltd  (CIK 0001767558)"", ""date"": ""2019-11-12""}, {""cik"": """", ""name"": ""CREDIT SUISSE INTERNATIONAL  (CIK 0001343079)"", ""date"": ""2019-11-08""}, {""cik"": """", ""name"": ""Insight Venture Associates Growth-Buyout Coinvestment Ltd.  (CIK 0001745336)"", ""date"": ""2019-11-08""}, {""cik"": """", ""name"": ""AVENUE ENERGY OPPORTUNITIES PARTNERS, LLC  (CIK 0001689110)"", ""date"": ""2019-11-14""}, {""cik"": """", ""name"": ""J.P. Morgan International Bank Ltd  (CIK 0001657964)"", ""date"": ""2019-11-12""}]"
2020Q1,10000,1573,"[{""cik"": """", ""name"": ""Fine Offshore Partners, L.P.  (CIK 0001542406)"", ""date"": ""2020-02-13""}, {""cik"": """", ""name"": ""Citadel Advisors II LLC  (CIK 0001576996)"", ""date"": ""2020-02-14""}, {""cik"": """", ""name"": ""Fine Partners I, L.P.  (CIK 0001313083)"", ""date"": ""2020-02-13""}, {""cik"": """", ""name"": ""BNP PARIBAS ASSET MANAGEMENT FRANCE  (CIK 0001007281)"", ""date"": ""2020-02-11""}, {""cik"": """", ""name"": ""Hilltop Securities Holdings LLC  (CIK 0000878520)"", ""date"": ""2020-02-14""}, {""cik"": """", ""name"": ""KBC Asset Management NV  (CIK 0001411276)"", ""date"": ""2020-02-11""}, {""cik"": """", ""name"": ""BlackRock Life Ltd  (CIK 0001549649)"", ""date"": ""2020-02-13""}, {""cik"": """", ""name"": ""MORGAN STANLEY SMITH BARNEY LLC  (CIK 0001466170)"", ""date"": ""2020-02-14""}, {""cik"": """", ""name"": ""Frost Investment Services, LLC  (CIK 0001768928)"", ""date"": ""2020-02-12""}, {""cik"": """", ""name"": ""TCF FINANCIAL CORP  (CIK 0000019612)"", ""date"": ""2020-02-06""}, {""cik"": """", ""name"": ""Tiedemann Wealth Management Holdings, LLC  (CIK 0001432976)"", ""date"": ""2020-02-04""}, {""cik"": """", ""name"": ""United Capital Financial Partners, Inc  (CIK 0001372312)"", ""date"": ""2020-02-14""}, {""cik"": """", ""name"": ""EnTrust Global Ltd.  (CIK 0001505598)"", ""date"": ""2020-02-14""}, {""cik"": """", ""name"": ""Tembusu Capital Pte. Ltd.  (CIK 0001512449)"", ""date"": ""2020-02-14""}, {""cik"": """", ""name"": ""Itau USA Asset Management Inc.  (CIK 0001541597)"", ""date"": ""2020-02-14""}, {""cik"": """", ""name"": ""CITY NATIONAL ROCHDALE, LLC  (CIK 0001009289)"", ""date"": ""2020-02-14""}, {""cik"": """", ""name"": ""Marathon Trading Group LLC  (CIK 0001633121)"", ""date"": ""2020-02-14""}, {""cik"": """", ""name"": ""BANK OF HAWAII CORP  (BOH, BOH-PA, BOH-PB)  (CIK 0000046195)"", ""date"": ""2020-02-12""}, {""cik"": """", ""name"": ""Johnson Kevin Stuart  (CIK 0001402172)"", ""date"": ""2020-02-11""}, {""cik"": """", ""name"": ""FRANKLIN MUTUAL ADVISERS LLC  (CIK 0001023875)"", ""date"": ""2020-02-12""}, {""cik"": """", ""name"": ""Migdal Insurance Co Ltd  (CIK 0001667119)"", ""date"": ""2020-02-13""}, {""cik"": """", ""name"": ""COLUMN GROUP L P  (CIK 0001347769)"", ""date"": ""2020-02-13""}, {""cik"": """", ""name"": ""MANULIFE INVESTMENT MANAGEMENT (US) LLC  (CIK 0001034182)"", ""date"": ""2020-02-13""}, {""cik"": """", ""name"": ""FRANKLIN ADVISORY SERVICES LLC  (CIK 0001027814)"", ""date"": ""2020-03-11""}, {""cik"": """", ""name"": ""COHEN & STEERS CAPITAL MANAGEMENT INC  (CIK 0000845563)"", ""date"": ""2020-02-14""}]"
2020Q2,10000,1556,"[{""cik"": """", ""name"": ""FIRST HORIZON NATIONAL CORP  (FHN, FHN-PB, FHN-PC, FHN-PE, FHN-PF)  (CIK 0000036966)"", ""date"": ""2020-05-04""}, {""cik"": """", ""name"": ""MARKEL GAYNER ASSET MANAGEMENT CORP  (CIK 0001034180)"", ""date"": ""2020-05-01""}, {""cik"": """", ""name"": ""Barclays Investment Solutions Ltd  (CIK 0001484215)"", ""date"": ""2020-05-13""}, {""cik"": """", ""name"": ""Stifel Trust Company, N.A.  (CIK 0001135986)"", ""date"": ""2020-05-14""}, {""cik"": """", ""name"": ""medical protective CORP  (CIK 0001425158)"", ""date"": ""2020-05-15""}, {""cik"": """", ""name"": ""SunTrust Advisory Services, Inc.  (CIK 0001696868)"", ""date"": ""2020-04-23""}, {""cik"": """", ""name"": ""SA Stone Investment Advisors Inc.  (CIK 0001650393)"", ""date"": ""2020-04-30""}, {""cik"": """", ""name"": ""U.S. BANCORP INVESTMENTS, INC.  (CIK 0000786393)"", ""date"": ""2020-05-13""}, {""cik"": """", ""name"": ""JEFFERIES LLC  (CIK 0001265287)"", ""date"": ""2020-05-15""}, {""cik"": """", ""name"": ""AXA ADVISORS, LLC  (CIK 0000033179)"", ""date"": ""2020-05-15""}, {""cik"": """", ""name"": ""HUNTINGTON BANCSHARES INC/MD  (HBAN, HBANL, HBANM, HBANP)  (CIK 0000049196)"", ""date"": ""2020-05-14""}, {""cik"": """", ""name"": ""Jefferies Financial Products, LLC  (CIK 0001681904)"", ""date"": ""2020-05-15""}, {""cik"": """", ""name"": ""Thakore Nainoor  (CIK 0001731393)"", ""date"": ""2020-05-18""}, {""cik"": """", ""name"": ""Clarfeld Financial Advisors, LLC  (CIK 0001766347)"", ""date"": ""2020-05-08""}, {""cik"": """", ""name"": ""Gervasini Geoffrey Todd  (CIK 0001766675)"", ""date"": ""2020-05-11""}, {""cik"": """", ""name"": ""HSBC Global Asset Management (Hong Kong) Ltd  (CIK 0001455270)"", ""date"": ""2020-04-27""}, {""cik"": """", ""name"": ""BNY Mellon Trust of Delaware  (CIK 0001674787)"", ""date"": ""2020-05-06""}, {""cik"": """", ""name"": ""Eastspring Securities Investment Trust Co. Ltd  (CIK 0001512285)"", ""date"": ""2020-05-04""}, {""cik"": """", ""name"": ""Toor Kanwaljit  (CIK 0001733575)"", ""date"": ""2020-05-14""}, {""cik"": """", ""name"": ""WATSA V PREM ET AL  (CIK 0000938869)"", ""date"": ""2020-05-15""}, {""cik"": """", ""name"": ""Seletar Investments Pte Ltd  (CIK 0001434867)"", ""date"": ""2020-05-15""}, {""cik"": """", ""name"": ""NOVEM  (CIK 0001117699)"", ""date"": ""2020-05-14""}, {""cik"": """", ""name"": ""Wells Richard J.  (CIK 0001733580)"", ""date"": ""2020-05-14""}, {""cik"": """", ""name"": ""Maju Investments (Mauritius) Pte Ltd  (CIK 0001666655)"", ""date"": ""2020-05-15""}, {""cik"": """", ""name"": ""Partner Investment Management, L.P.  (CIK 0001442276)"", ""date"": ""2020-05-15""}]"
2020Q3,10000,1524,"[{""cik"": """", ""name"": ""Clal Pension & Provident Funds Ltd.  (CIK 0001632511)"", ""date"": ""2020-08-14""}, {""cik"": """", ""name"": ""Atudot Pension Fund For Employees & Independents Ltd.  (CIK 0001632025)"", ""date"": ""2020-08-14""}, {""cik"": """", ""name"": ""Clal Insurance Co Ltd.  (CIK 0001632510)"", ""date"": ""2020-08-14""}, {""cik"": """", ""name"": ""Clal Pension & Provident Funds Ltd.  (CIK 0001632511)"", ""date"": ""2020-08-14""}, {""cik"": """", ""name"": ""Clal Insurance Co Ltd.  (CIK 0001632510)"", ""date"": ""2020-08-14""}, {""cik"": """", ""name"": ""Atudot Pension Fund For Employees & Independents Ltd.  (CIK 0001632025)"", ""date"": ""2020-08-14""}, {""cik"": """", ""name"": ""MultiConcept Fund Management S.A.  (CIK 0001540416)"", ""date"": ""2020-08-12""}, {""cik"": """", ""name"": ""BlackRock Investment Management, LLC  (CIK 0001305227)"", ""date"": ""2020-08-14""}, {""cik"": """", ""name"": ""GLOBALT Investments  (CIK 0001003553)"", ""date"": ""2020-08-10""}, {""cik"": """", ""name"": ""Ally Insurance Holdings Inc.  (CIK 0001527685)"", ""date"": ""2020-08-13""}, {""cik"": """", ""name"": ""TRIAD HYBRID SOLUTIONS, LLC  (CIK 0001682267)"", ""date"": ""2020-08-14""}, {""cik"": """", ""name"": ""PEAK6 Group LLC  (CIK 0001389957)"", ""date"": ""2020-08-14""}, {""cik"": """", ""name"": ""Belvedere Advisors LLC  (CIK 0001755386)"", ""date"": ""2020-08-13""}, {""cik"": """", ""name"": ""WealthShield, LLC  (CIK 0001730973)"", ""date"": ""2020-08-13""}, {""cik"": """", ""name"": ""Cohen Ara  (CIK 0001512398)"", ""date"": ""2020-08-14""}, {""cik"": """", ""name"": ""SEATOWN CAPITAL PTE. LTD.  (CIK 0001591529)"", ""date"": ""2020-07-21""}, {""cik"": """", ""name"": ""WELLS FARGO BANK N A  (CIK 0000740906)"", ""date"": ""2020-08-13""}, {""cik"": """", ""name"": ""CREDIT AGRICOLE INDOSUEZ WEALTH (GROUP)  (CIK 0001696434)"", ""date"": ""2020-08-13""}, {""cik"": """", ""name"": ""ARBOR POINT ADVISORS, LLC  (CIK 0001642036)"", ""date"": ""2020-08-14""}, {""cik"": """", ""name"": ""Bardin Hill Arbitrage UCITS Management LP  (CIK 0001730418)"", ""date"": ""2020-08-14""}, {""cik"": """", ""name"": ""THRIVENT INVESTMENT MANAGEMENT INC  (CIK 0001179396)"", ""date"": ""2020-08-12""}, {""cik"": """", ""name"": ""AmTrust Bermuda I Ltd.  (CIK 0001810661)"", ""date"": ""2020-08-12""}, {""cik"": """", ""name"": ""Sun Life Assurance Co of Canada  (CIK 0001381352)"", ""date"": ""2020-08-12""}, {""cik"": """", ""name"": ""Wells Richard J.  (CIK 0001733580)"", ""date"": ""2020-08-13""}, {""cik"": """", ""name"": ""Tilden Park Capital Management LP  (CIK 0001673553)"", ""date"": ""2020-08-07""}]"
2020Q4,10000,1552,"[{""cik"": """", ""name"": ""Fundlogic Sas  (CIK 0001599632)"", ""date"": ""2020-11-13""}, {""cik"": """", ""name"": ""Atlas Venture Associates VI, L.P.  (CIK 0001292359)"", ""date"": ""2020-11-12""}, {""cik"": """", ""name"": ""Belvedere Advisors LLC  (CIK 0001755386)"", ""date"": ""2020-11-16""}, {""cik"": """", ""name"": ""TCF FINANCIAL CORP  (CIK 0000019612)"", ""date"": ""2020-11-05""}, {""cik"": """", ""name"": ""BlackRock Asset Management Ireland Ltd  (CIK 0001503309)"", ""date"": ""2020-11-06""}, {""cik"": """", ""name"": ""MFS International (U.K.) Ltd.  (CIK 0001442854)"", ""date"": ""2020-11-12""}, {""cik"": """", ""name"": ""SEB Investment Management AB  (CIK 0001667108)"", ""date"": ""2020-11-13""}, {""cik"": """", ""name"": ""Quilter Cheviot Europe Ltd  (CIK 0001802942)"", ""date"": ""2020-11-13""}, {""cik"": """", ""name"": ""Harvest Global Investments Ltd  (CIK 0001640161)"", ""date"": ""2020-11-03""}, {""cik"": """", ""name"": ""AIG Asset Management (U.S.), LLC  (CIK 0001492070)"", ""date"": ""2020-11-04""}, {""cik"": """", ""name"": ""Temasek Life Sciences Private Ltd  (CIK 0001379349)"", ""date"": ""2020-11-16""}, {""cik"": """", ""name"": ""MUFG SECURITIES AMERICAS INC.  (CIK 0000867626)"", ""date"": ""2020-10-15""}, {""cik"": """", ""name"": ""COLUMN GROUP GP, LP  (CIK 0001614627)"", ""date"": ""2020-11-04""}, {""cik"": """", ""name"": ""Raritan Valley Capital Management LLC  (CIK 0001631182)"", ""date"": ""2020-10-01""}, {""cik"": """", ""name"": ""KSM Mutual Funds Ltd.  (CIK 0001812114)"", ""date"": ""2020-11-10""}, {""cik"": """", ""name"": ""TFG Asset Management L.P.  (CIK 0001511278)"", ""date"": ""2020-11-13""}, {""cik"": """", ""name"": ""Polygon Global Partners LP  (CIK 0001511305)"", ""date"": ""2020-11-13""}, {""cik"": """", ""name"": ""Brookfield Asset Management Private Institutional Capital Adviser (Credit), LLC  (CIK 0001621735)"", ""date"": ""2020-11-16""}, {""cik"": """", ""name"": ""BlackRock Japan Co. Ltd  (CIK 0001085635)"", ""date"": ""2020-11-06""}, {""cik"": """", ""name"": ""GLC Asset Management Group Ltd.  (CIK 0001657965)"", ""date"": ""2020-11-13""}, {""cik"": """", ""name"": ""Voya Financial, Inc.  (VOYA, VOYA-PB)  (CIK 0001535929)"", ""date"": ""2020-11-16""}, {""cik"": """", ""name"": ""First Reserve GP XII, LP  (CIK 0001544730)"", ""date"": ""2020-11-16""}, {""cik"": """", ""name"": ""PRUDENTIAL LIFE INSURANCE COMPANY, LTD.  (CIK 0001730802)"", ""date"": ""2020-11-16""}, {""cik"": """", ""name"": ""Comgest Far East Ltd  (CIK 0001762529)"", ""date"": ""2020-11-13""}, {""cik"": """", ""name"": ""Needham Small Cap Growth Fund  (CIK 0001539485)"", ""date"": ""2020-11-16""}]"
2021Q1,10000,1588,"[{""cik"": """", ""name"": ""Swedbank Robur Fonder AB  (CIK 0001547676)"", ""date"": ""2021-01-05""}, {""cik"": """", ""name"": ""BBVA USA  (CIK 0000844928)"", ""date"": ""2021-02-01""}, {""cik"": """", ""name"": ""SAROFIM INTERNATIONAL MANAGEMENT CO  (CIK 0000949665)"", ""date"": ""2021-02-11""}, {""cik"": """", ""name"": ""Maven Investment Partners Ltd  (CIK 0001759004)"", ""date"": ""2021-02-12""}, {""cik"": """", ""name"": ""JOHNSON BANK  (CIK 0000902143)"", ""date"": ""2021-02-12""}, {""cik"": """", ""name"": ""JOHN HANCOCK INVESTMENT MANAGEMENT LLC  (CIK 0001230788)"", ""date"": ""2021-02-02""}, {""cik"": """", ""name"": ""Ally Insurance Holdings Inc.  (CIK 0001527685)"", ""date"": ""2021-02-12""}, {""cik"": """", ""name"": ""Quilter Cheviot Ltd  (CIK 0001802282)"", ""date"": ""2021-02-12""}, {""cik"": """", ""name"": ""SYMPHONY ASSET MANAGEMENT LLC  (CIK 0001030815)"", ""date"": ""2021-02-16""}, {""cik"": """", ""name"": ""Temasek Capital (Private) Ltd  (CIK 0001434866)"", ""date"": ""2021-02-16""}, {""cik"": """", ""name"": ""TMB Asset Management Co., Ltd.  (CIK 0001789152)"", ""date"": ""2021-02-08""}, {""cik"": """", ""name"": ""FIL Investments International  (CIK 0001632425)"", ""date"": ""2021-02-08""}, {""cik"": """", ""name"": ""RBC cees Trustee LTD  (CIK 0001351870)"", ""date"": ""2021-02-01""}, {""cik"": """", ""name"": ""Wilkinson Global Asset Management LLC  (CIK 0001764000)"", ""date"": ""2021-01-26""}, {""cik"": """", ""name"": ""FEDERATED MDTA LLC  (CIK 0001056508)"", ""date"": ""2021-02-12""}, {""cik"": """", ""name"": ""Broken Clock Management, L.L.C.  (CIK 0001609286)"", ""date"": ""2021-02-16""}, {""cik"": """", ""name"": ""SCGF IV MANAGEMENT LP  (CIK 0001447940)"", ""date"": ""2021-02-16""}, {""cik"": """", ""name"": ""Zell Credit Opportunities Master Fund, L.P.  (CIK 0001469407)"", ""date"": ""2021-02-16""}, {""cik"": """", ""name"": ""Deer Park Road Management Company, LP  (CIK 0001655028)"", ""date"": ""2021-02-16""}, {""cik"": """", ""name"": ""LSF9 Cypress Parent 2 LLC  (CIK 0001697284)"", ""date"": ""2021-02-16""}, {""cik"": """", ""name"": ""Migdal Makefet Pension Funds & Provident Funds Ltd  (CIK 0001667118)"", ""date"": ""2021-02-08""}, {""cik"": """", ""name"": ""Centerbridge Special Credit Advisors II, L.L.C  (CIK 0001631018)"", ""date"": ""2021-02-16""}, {""cik"": """", ""name"": ""Coatue FinTech Fund I LP  (CIK 0001831498)"", ""date"": ""2021-02-16""}, {""cik"": """", ""name"": ""DWS Investments Hong Kong Ltd  (CIK 0001767587)"", ""date"": ""2021-02-16""}, {""cik"": """", ""name"": ""Dunearn Investments (Mauritius) Pte Ltd  (CIK 0001512361)"", ""date"": ""2021-02-16""}]"
2021Q2,10000,1620,"[{""cik"": """", ""name"": ""Sculptor Capital II LP  (CIK 0001476546)"", ""date"": ""2021-04-02""}, {""cik"": """", ""name"": ""XTX Holdings LLC  (CIK 0001828298)"", ""date"": ""2021-05-14""}, {""cik"": """", ""name"": ""XTX Holdings Ltd  (CIK 0001747035)"", ""date"": ""2021-05-14""}, {""cik"": """", ""name"": ""XTX MARKETS LLC  (CIK 0001715650)"", ""date"": ""2021-05-14""}, {""cik"": """", ""name"": ""XTX Midco Ltd  (CIK 0001828300)"", ""date"": ""2021-05-14""}, {""cik"": """", ""name"": ""Citigroup Global Markets Holdings Bahamas Ltd  (CIK 0001765064)"", ""date"": ""2021-05-13""}, {""cik"": """", ""name"": ""BAILLIE GIFFORD OVERSEAS LTD  (CIK 0001085972)"", ""date"": ""2021-05-06""}, {""cik"": """", ""name"": ""ROUNDWOOD ASSET MANAGEMENT LLC  (CIK 0001632351)"", ""date"": ""2021-05-07""}, {""cik"": """", ""name"": ""U.S. TRUST Co OF DELAWARE  (CIK 0001185372)"", ""date"": ""2021-05-14""}, {""cik"": """", ""name"": ""Wagner Thomas  (CIK 0001512348)"", ""date"": ""2021-05-17""}, {""cik"": """", ""name"": ""CSOB Asset Management a.s.  (CIK 0001698364)"", ""date"": ""2021-04-26""}, {""cik"": """", ""name"": ""Deer VII & Co. L.P.  (CIK 0001540731)"", ""date"": ""2021-05-14""}, {""cik"": """", ""name"": ""Bardin Hill Arbitrage IC Management LP  (CIK 0001633064)"", ""date"": ""2021-05-14""}, {""cik"": """", ""name"": ""Venezio Investments Pte. Ltd.  (CIK 0001765993)"", ""date"": ""2021-05-17""}, {""cik"": """", ""name"": ""New Mountain Capital, L.L.C.  (CIK 0001407718)"", ""date"": ""2021-05-17""}, {""cik"": """", ""name"": ""FIDELITY MANAGEMENT TRUST CO  (CIK 0000715091)"", ""date"": ""2021-05-14""}, {""cik"": """", ""name"": ""TEACHERS ADVISORS, LLC  (CIK 0000939222)"", ""date"": ""2021-05-14""}, {""cik"": """", ""name"": ""HIGHCREST INVESTORS LLC  (CIK 0000928475)"", ""date"": ""2021-05-14""}, {""cik"": """", ""name"": ""State Street Global Advisors Singapore LTD  (CIK 0001324599)"", ""date"": ""2021-05-17""}, {""cik"": """", ""name"": ""PA Capital LLC  (CIK 0001766226)"", ""date"": ""2021-05-14""}, {""cik"": """", ""name"": ""Migdal Investment Portfolio Management (1998) Ltd.  (CIK 0001727574)"", ""date"": ""2021-05-04""}, {""cik"": """", ""name"": ""DEKEL PARTNERS, L.P.  (CIK 0001458762)"", ""date"": ""2021-05-14""}, {""cik"": """", ""name"": ""SCGGF III - China Management, L.P.  (CIK 0001845935)"", ""date"": ""2021-05-17""}, {""cik"": """", ""name"": ""Northern Trust Investments, Inc  (CIK 0001256909)"", ""date"": ""2021-05-12""}, {""cik"": """", ""name"": ""U.S. BANCORP INVESTMENTS, INC.  (CIK 0000786393)"", ""date"": ""2021-04-28""}]"
2021Q3,10000,1683,"[{""cik"": """", ""name"": ""Rentrop Norman  (CIK 0001624863)"", ""date"": ""2021-07-23""}, {""cik"": """", ""name"": ""Carson Group Investing, LLC  (CIK 0001879648)"", ""date"": ""2021-09-08""}, {""cik"": """", ""name"": ""BUFFETT WARREN E  (CIK 0000315090)"", ""date"": ""2021-08-16""}, {""cik"": """", ""name"": ""Credit Suisse Funds AG  (CIK 0001540418)"", ""date"": ""2021-08-12""}, {""cik"": """", ""name"": ""PlainsCapital Corp  (CIK 0001569620)"", ""date"": ""2021-08-16""}, {""cik"": """", ""name"": ""PRUCO SECURITIES, LLC.  (CIK 0000080887)"", ""date"": ""2021-08-05""}, {""cik"": """", ""name"": ""Wagner Thomas  (CIK 0001512348)"", ""date"": ""2021-08-16""}, {""cik"": """", ""name"": ""ARBITER PARTNERS LP  (CIK 0001156950)"", ""date"": ""2021-08-16""}, {""cik"": """", ""name"": ""Northern Trust Investments, Inc  (CIK 0001256909)"", ""date"": ""2021-08-16""}, {""cik"": """", ""name"": ""Jane Street Options, LLC  (CIK 0001450709)"", ""date"": ""2021-08-16""}, {""cik"": """", ""name"": ""KLPD Ventures, LLC  (CIK 0001593363)"", ""date"": ""2021-08-10""}, {""cik"": """", ""name"": ""ACOF Investment Management LLC  (CIK 0001684171)"", ""date"": ""2021-08-13""}, {""cik"": """", ""name"": ""LOOMIS SAYLES TRUST COMPANY, LLC  (CIK 0001435066)"", ""date"": ""2021-08-13""}, {""cik"": """", ""name"": ""TFG Asset Management L.P.  (CIK 0001511278)"", ""date"": ""2021-08-16""}, {""cik"": """", ""name"": ""Long Meadow, L.P.  (CIK 0001722659)"", ""date"": ""2021-08-16""}, {""cik"": """", ""name"": ""FRANKLIN ADVISERS INC  (CIK 0000898420)"", ""date"": ""2021-08-13""}, {""cik"": """", ""name"": ""Macquarie Investment Management Austria Kapitalanlage AG  (CIK 0001548607)"", ""date"": ""2021-08-13""}, {""cik"": """", ""name"": ""DME Advisors, LP  (CIK 0001300763)"", ""date"": ""2021-08-16""}, {""cik"": """", ""name"": ""Bessemer Private Investment Fund I LLC  (CIK 0001658426)"", ""date"": ""2021-08-10""}, {""cik"": """", ""name"": ""BAIRD ROBERT W & CO INC /WI/  (CIK 0000810972)"", ""date"": ""2021-08-11""}, {""cik"": """", ""name"": ""State Street Global Advisors Asia LTD  (CIK 0001324598)"", ""date"": ""2021-08-16""}, {""cik"": """", ""name"": ""TEPPER ROBERT I  (CIK 0001192595)"", ""date"": ""2021-08-11""}, {""cik"": """", ""name"": ""Allianz Global Investors GmbH  (CIK 0001549940)"", ""date"": ""2021-08-16""}, {""cik"": """", ""name"": ""State Street Global Advisors Singapore LTD  (CIK 0001324599)"", ""date"": ""2021-07-09""}, {""cik"": """", ""name"": ""BAILLIE GIFFORD OVERSEAS LTD  (CIK 0001085972)"", ""date"": ""2021-08-02""}]"
2021Q4,10000,1640,"[{""cik"": """", ""name"": ""Allspring Global Investments LLC  (CIK 0001075869)"", ""date"": ""2021-11-15""}, {""cik"": """", ""name"": ""Allspring Funds Management, LLC  (CIK 0001327354)"", ""date"": ""2021-11-15""}, {""cik"": """", ""name"": ""UBS Switzerland AG  (CIK 0001644493)"", ""date"": ""2021-11-15""}, {""cik"": """", ""name"": ""SEI INVESTMENTS MANAGEMENT CORP  (CIK 0000907692)"", ""date"": ""2021-11-12""}, {""cik"": """", ""name"": ""DWS Investment S.A.  (CIK 0001767619)"", ""date"": ""2021-12-21""}, {""cik"": """", ""name"": ""Good Harbor Financial, LLC  (CIK 0001528086)"", ""date"": ""2021-11-01""}, {""cik"": """", ""name"": ""CREDIT SUISSE SECURITIES (USA) LLC  (CIK 0001230485)"", ""date"": ""2021-11-12""}, {""cik"": """", ""name"": ""Motors Insurance Corp.  (CIK 0001527661)"", ""date"": ""2021-11-10""}, {""cik"": """", ""name"": ""MANA Omega Master Fund LP  (CIK 0001731167)"", ""date"": ""2021-11-12""}, {""cik"": """", ""name"": ""Trian Fund Management GP, LLC  (CIK 0001345472)"", ""date"": ""2021-11-12""}, {""cik"": """", ""name"": ""EQUITABLE ADVISORS, LLC  (CIK 0000033179)"", ""date"": ""2021-11-12""}, {""cik"": """", ""name"": ""Long Meadow, L.P.  (CIK 0001722659)"", ""date"": ""2021-11-15""}, {""cik"": """", ""name"": ""Blackstone Infrastructure Advisors L.L.C.  (CIK 0001845724)"", ""date"": ""2021-11-15""}, {""cik"": """", ""name"": ""Harber Capital LLC  (CIK 0001611717)"", ""date"": ""2021-11-15""}, {""cik"": """", ""name"": ""Pinnacle Wealth Advisors  (CIK 0001698283)"", ""date"": ""2021-10-26""}, {""cik"": """", ""name"": ""GLOBAL X MANAGEMENT COMPANY, INC.  (CIK 0001579960)"", ""date"": ""2021-11-05""}, {""cik"": """", ""name"": ""Deer IX & Co. L.P.  (CIK 0001655219)"", ""date"": ""2021-11-15""}, {""cik"": """", ""name"": ""Polar Capital LLP  (CIK 0001439303)"", ""date"": ""2021-11-15""}, {""cik"": """", ""name"": ""Fidelity Management & Research (Canada) ULC  (CIK 0001759275)"", ""date"": ""2021-11-15""}, {""cik"": """", ""name"": ""Hellman & Friedman Investors VI, L.P.  (CIK 0001469016)"", ""date"": ""2021-11-15""}, {""cik"": """", ""name"": ""Mizuho Americas LLC  (CIK 0001785149)"", ""date"": ""2021-10-28""}, {""cik"": """", ""name"": ""BARCLAYS BANK PLC  (DJP, GRN, VXX, VXZ, ATMP, BWVTF, COWTF, JJCTF, JJETF, JJGTF, PGMFF)  (CIK 0000312070)"", ""date"": ""2021-11-12""}, {""cik"": """", ""name"": ""BARCLAYS CAPITAL SECURITIES LTD  (CIK 0001074031)"", ""date"": ""2021-11-12""}, {""cik"": """", ""name"": ""Credit Suisse Management LLC  (CIK 0001461305)"", ""date"": ""2021-11-12""}, {""cik"": """", ""name"": ""Nikko Asset Management Co., Ltd.  (CIK 0001425864)"", ""date"": ""2021-10-25""}]"
2022Q1,10000,1762,"[{""cik"": """", ""name"": ""BIP GP LLC  (CIK 0001298983)"", ""date"": ""2022-02-14""}, {""cik"": """", ""name"": ""Citigroup Global Markets Inc.  (CIK 0000315030)"", ""date"": ""2022-02-10""}, {""cik"": """", ""name"": ""South State Advisory, Inc.  (CIK 0001776610)"", ""date"": ""2022-02-11""}, {""cik"": """", ""name"": ""UBS La Maison de Gestion  (CIK 0001901383)"", ""date"": ""2022-01-12""}, {""cik"": """", ""name"": ""TD GLOBAL FINANCE  (CIK 0001178652)"", ""date"": ""2022-02-04""}, {""cik"": """", ""name"": ""BlackRock Asset Management North Asia Ltd  (CIK 0001579409)"", ""date"": ""2022-02-10""}, {""cik"": """", ""name"": ""BlackRock Life Ltd  (CIK 0001549649)"", ""date"": ""2022-02-10""}, {""cik"": """", ""name"": ""State Street Global Advisors LTD  (CIK 0001324602)"", ""date"": ""2022-02-14""}, {""cik"": """", ""name"": ""Wagner Thomas  (CIK 0001512348)"", ""date"": ""2022-02-14""}, {""cik"": """", ""name"": ""CI Global Investments Inc.  (CIK 0001523847)"", ""date"": ""2022-02-11""}, {""cik"": """", ""name"": ""RIVULET CAPITAL MASTER FUND, LTD.  (CIK 0001566718)"", ""date"": ""2022-02-14""}, {""cik"": """", ""name"": ""First Sentier Investors (UK) IM Ltd  (CIK 0001044922)"", ""date"": ""2022-02-09""}, {""cik"": """", ""name"": ""Macquarie Investment Management Austria Kapitalanlage AG  (CIK 0001548607)"", ""date"": ""2022-02-11""}, {""cik"": """", ""name"": ""FourWorld Capital Management LLC  (CIK 0001770525)"", ""date"": ""2022-02-14""}, {""cik"": """", ""name"": ""AFEYAN NOUBAR  (CIK 0001222012)"", ""date"": ""2022-02-14""}, {""cik"": """", ""name"": ""ASSF Operating Manager IV, L.P.  (CIK 0001683967)"", ""date"": ""2022-02-14""}, {""cik"": """", ""name"": ""Bylinsky Gregory  (CIK 0001427289)"", ""date"": ""2022-02-14""}, {""cik"": """", ""name"": ""ICONIQ Strategic Partners III GP, L.P.  (CIK 0001766963)"", ""date"": ""2022-02-14""}, {""cik"": """", ""name"": ""Guardian Point, L.P.  (CIK 0001553781)"", ""date"": ""2022-02-14""}, {""cik"": """", ""name"": ""MANNING & NAPIER ADVISORS LLC  (CIK 0000062039)"", ""date"": ""2022-01-27""}, {""cik"": """", ""name"": ""Dimensional Fund Advisors Ltd.  (CIK 0001463225)"", ""date"": ""2022-02-09""}, {""cik"": """", ""name"": ""Orland Properties Ltd  (CIK 0001550093)"", ""date"": ""2022-02-14""}, {""cik"": """", ""name"": ""Vitol Holding SARL  (CIK 0001535984)"", ""date"": ""2022-02-14""}, {""cik"": """", ""name"": ""RBC Dominion Securities Global Ltd  (CIK 0001666157)"", ""date"": ""2022-02-10""}, {""cik"": """", ""name"": ""Two Sigma Ventures II, LLC  (CIK 0001623773)"", ""date"": ""2022-02-14""}]"
2022Q2,10000,0,[]
2022Q3,10000,1734,"[{""cik"": """", ""name"": ""Hill James W.  (CIK 0001901768)"", ""date"": ""2022-08-15""}, {""cik"": """", ""name"": ""Groom Simon  (CIK 0001900825)"", ""date"": ""2022-08-15""}, {""cik"": """", ""name"": ""Global Media & Entertainment Investments Trust  (CIK 0001900899)"", ""date"": ""2022-08-15""}, {""cik"": """", ""name"": ""Blackstone Alternative Asset Management L.P.  (CIK 0001753711)"", ""date"": ""2022-08-15""}, {""cik"": """", ""name"": ""PUTNAM ADVISORY CO LLC  (CIK 0000081238)"", ""date"": ""2022-08-15""}, {""cik"": """", ""name"": ""Deutsche Oppenheim Family Office AG  (CIK 0001759113)"", ""date"": ""2022-08-11""}, {""cik"": """", ""name"": ""Wilmington Funds Management Corp  (CIK 0001056357)"", ""date"": ""2022-08-05""}, {""cik"": """", ""name"": ""Swan Capital Management, LLC  (CIK 0001591478)"", ""date"": ""2022-08-09""}, {""cik"": """", ""name"": ""RWC (US) LLC  (CIK 0001767867)"", ""date"": ""2022-08-09""}, {""cik"": """", ""name"": ""MORGAN STANLEY SMITH BARNEY LLC  (CIK 0001466170)"", ""date"": ""2022-08-15""}, {""cik"": """", ""name"": ""Invesco Taiwan Ltd  (CIK 0001928783)"", ""date"": ""2022-08-15""}, {""cik"": """", ""name"": ""Symetra Financial CORP  (CIK 0001403385)"", ""date"": ""2022-08-10""}, {""cik"": """", ""name"": ""DST Managers VI Ltd  (CIK 0001941907)"", ""date"": ""2022-08-12""}, {""cik"": """", ""name"": ""SETANTA ASSET MANAGEMENT  (CIK 0001620577)"", ""date"": ""2022-08-09""}, {""cik"": """", ""name"": ""Jane Street Capital, LLC  (CIK 0001450698)"", ""date"": ""2022-08-16""}, {""cik"": """", ""name"": ""CREDIT SUISSE SECURITIES (USA) LLC  (CIK 0001230485)"", ""date"": ""2022-08-12""}, {""cik"": """", ""name"": ""People's United Financial, Inc.  (CIK 0001378946)"", ""date"": ""2022-08-05""}, {""cik"": """", ""name"": ""SeaTown Global Credit Master Fund  (CIK 0001818194)"", ""date"": ""2022-07-27""}, {""cik"": """", ""name"": ""HSBC Global Asset Management (Canada) LTD  (CIK 0001580935)"", ""date"": ""2022-07-27""}, {""cik"": """", ""name"": ""SAPPHIRE VENTURES (GPE) III, L.L.C.  (CIK 0001844644)"", ""date"": ""2022-08-08""}, {""cik"": """", ""name"": ""ICONIQ Strategic Partners GP, L.P.  (CIK 0001688390)"", ""date"": ""2022-08-15""}, {""cik"": """", ""name"": ""CANTOR FITZGERALD INVESTMENT ADVISORS L.P.  (CIK 0001710477)"", ""date"": ""2022-08-15""}, {""cik"": """", ""name"": ""ASSF Operating Manager IV, L.P.  (CIK 0001683967)"", ""date"": ""2022-08-12""}, {""cik"": """", ""name"": ""AFS Financial Group, LLC  (CIK 0001879345)"", ""date"": ""2022-08-08""}, {""cik"": """", ""name"": ""Ion Value Management Ltd.  (CIK 0001667024)"", ""date"": ""2022-08-16""}]"
2022Q4,10000,1804,"[{""cik"": """", ""name"": ""Groom Simon  (CIK 0001900825)"", ""date"": ""2022-11-14""}, {""cik"": """", ""name"": ""Global Media & Entertainment Investments Trust  (CIK 0001900899)"", ""date"": ""2022-11-14""}, {""cik"": """", ""name"": ""Hill James W.  (CIK 0001901768)"", ""date"": ""2022-11-14""}, {""cik"": """", ""name"": ""Baker Hughes Co  (BKR)  (CIK 0001701605)"", ""date"": ""2022-11-08""}, {""cik"": """", ""name"": ""DSCQG PR LLC  (CIK 0001714454)"", ""date"": ""2022-11-14""}, {""cik"": """", ""name"": ""CapitalG 2013 LP  (CIK 0001829122)"", ""date"": ""2022-11-15""}, {""cik"": """", ""name"": ""CapitalG 2013 LP  (CIK 0001829122)"", ""date"": ""2022-11-15""}, {""cik"": """", ""name"": ""Credit Suisse (Italy) S.p.a.  (CIK 0001428599)"", ""date"": ""2022-11-10""}, {""cik"": """", ""name"": ""1922 Trust  (CIK 0001570769)"", ""date"": ""2022-11-14""}, {""cik"": """", ""name"": ""BLACKROCK ADVISORS LLC  (CIK 0001086364)"", ""date"": ""2022-11-14""}, {""cik"": """", ""name"": ""OTA TRADING FUND 1 LLC  (CIK 0001425475)"", ""date"": ""2022-10-17""}, {""cik"": """", ""name"": ""SETANTA ASSET MANAGEMENT  (CIK 0001620577)"", ""date"": ""2022-11-02""}, {""cik"": """", ""name"": ""XTX Midco Ltd  (CIK 0001828300)"", ""date"": ""2022-11-14""}, {""cik"": """", ""name"": ""GV Management Company, L.L.C.  (CIK 0001940173)"", ""date"": ""2022-11-15""}, {""cik"": """", ""name"": ""Citigroup Global Markets Holdings Bahamas Ltd  (CIK 0001765064)"", ""date"": ""2022-11-10""}, {""cik"": """", ""name"": ""Ally Insurance Holdings Inc.  (CIK 0001527685)"", ""date"": ""2022-11-10""}, {""cik"": """", ""name"": ""BIP GP LLC  (CIK 0001298983)"", ""date"": ""2022-12-05""}, {""cik"": """", ""name"": ""HSBC Global Asset Management (Canada) LTD  (CIK 0001580935)"", ""date"": ""2022-10-27""}, {""cik"": """", ""name"": ""Elishis Isser  (CIK 0001733572)"", ""date"": ""2022-11-09""}, {""cik"": """", ""name"": ""Timelo Strategic Opportunities Fund  (CIK 0001909604)"", ""date"": ""2022-11-10""}, {""cik"": """", ""name"": ""Solar Trust No. 2  (CIK 0001867045)"", ""date"": ""2022-11-14""}, {""cik"": """", ""name"": ""CAIN, WATTERS & ASSOCIATES, LLC  (CIK 0001860257)"", ""date"": ""2022-11-14""}, {""cik"": """", ""name"": ""RockCreek (Canada) Adviser, Inc.  (CIK 0001877501)"", ""date"": ""2022-11-10""}, {""cik"": """", ""name"": ""MACQUARIE BANK LTD  (CIK 0001257135)"", ""date"": ""2022-11-14""}, {""cik"": """", ""name"": ""Kepos Partners LLC  (CIK 0001512014)"", ""date"": ""2022-11-14""}]"
2023Q1,10000,1679,"[{""cik"": """", ""name"": ""Hill James W.  (CIK 0001901768)"", ""date"": ""2023-02-14""}, {""cik"": """", ""name"": ""Groom Simon  (CIK 0001900825)"", ""date"": ""2023-02-14""}, {""cik"": """", ""name"": ""Global Media & Entertainment Investments Trust  (CIK 0001900899)"", ""date"": ""2023-02-14""}, {""cik"": """", ""name"": ""Arthur J. Gallagher & Co.  (AJG)  (CIK 0000354190)"", ""date"": ""2023-02-27""}, {""cik"": """", ""name"": ""TORONTO DOMINION (SOUTH EAST ASIA) Ltd  (CIK 0001584627)"", ""date"": ""2023-02-07""}, {""cik"": """", ""name"": ""Clough Charles JR  (CIK 0001299903)"", ""date"": ""2023-02-14""}, {""cik"": """", ""name"": ""Deer VII & Co. Ltd.  (CIK 0001540726)"", ""date"": ""2023-02-14""}, {""cik"": """", ""name"": ""Quilter Investors LTD  (CIK 0001749851)"", ""date"": ""2023-02-08""}, {""cik"": """", ""name"": ""COMMERCE BANCSHARES INC /MO/  (CBSH)  (CIK 0000022356)"", ""date"": ""2023-02-10""}, {""cik"": """", ""name"": ""TRC MARKETS LLC  (CIK 0001605726)"", ""date"": ""2023-02-10""}, {""cik"": """", ""name"": ""Prudential Trust Co  (CIK 0001455701)"", ""date"": ""2023-02-14""}, {""cik"": """", ""name"": ""PGIM, Inc.  (CIK 0000946754)"", ""date"": ""2023-02-14""}, {""cik"": """", ""name"": ""BAIRD TRUST Co  (CIK 0001442181)"", ""date"": ""2023-02-14""}, {""cik"": """", ""name"": ""LAZARD ASSET MANAGEMENT LTD  (CIK 0001050471)"", ""date"": ""2023-02-14""}, {""cik"": """", ""name"": ""HILLTOP SECURITIES INC.  (CIK 0000891055)"", ""date"": ""2023-02-14""}, {""cik"": """", ""name"": ""Analyst Provident Funds Ltd.  (CIK 0001634147)"", ""date"": ""2023-02-08""}, {""cik"": """", ""name"": ""Brookfield Renewable Energy Group LLC  (CIK 0001966545)"", ""date"": ""2023-02-27""}, {""cik"": """", ""name"": ""Vanguard Investments Australia, Ltd.  (CIK 0001550100)"", ""date"": ""2023-02-10""}, {""cik"": """", ""name"": ""J.P. Morgan (Suisse) SA  (CIK 0001657983)"", ""date"": ""2023-02-13""}, {""cik"": """", ""name"": ""MFS Investment Management CO (LUX) S.A.R.L.  (CIK 0001442898)"", ""date"": ""2023-02-13""}, {""cik"": """", ""name"": ""Fidelity Management & Research Co LLC  (CIK 0000035368)"", ""date"": ""2023-02-13""}, {""cik"": """", ""name"": ""ORBIMED CAPITAL LLC  (CIK 0001157524)"", ""date"": ""2023-02-14""}, {""cik"": """", ""name"": ""SUSQUEHANNA SECURITIES, LLC  (CIK 0001446580)"", ""date"": ""2023-02-14""}, {""cik"": """", ""name"": ""Vitol Holding SARL  (CIK 0001535984)"", ""date"": ""2023-02-14""}, {""cik"": """", ""name"": ""Amundi Taiwan Ltd.  (CIK 0001941328)"", ""date"": ""2023-02-14""}]"
2023Q2,10000,1703,"[{""cik"": """", ""name"": ""Global Media & Entertainment Investments Trust  (CIK 0001900899)"", ""date"": ""2023-05-15""}, {""cik"": """", ""name"": ""Groom Simon  (CIK 0001900825)"", ""date"": ""2023-05-15""}, {""cik"": """", ""name"": ""Hill James W.  (CIK 0001901768)"", ""date"": ""2023-05-15""}, {""cik"": """", ""name"": ""BLACKROCK FUND MANAGEMENT CO. S.A.  (CIK 0001559920)"", ""date"": ""2023-05-12""}, {""cik"": """", ""name"": ""TEPPER ROBERT I  (CIK 0001192595)"", ""date"": ""2023-05-12""}, {""cik"": """", ""name"": ""SC Equities LLC  (CIK 0001846265)"", ""date"": ""2023-05-10""}, {""cik"": """", ""name"": ""Crosby Advisors LLC  (CIK 0001579053)"", ""date"": ""2023-05-11""}, {""cik"": """", ""name"": ""Jane Street Capital, LLC  (CIK 0001450698)"", ""date"": ""2023-05-16""}, {""cik"": """", ""name"": ""WOODBURY FINANCIAL SERVICES, INC.  (CIK 0000225478)"", ""date"": ""2023-05-12""}, {""cik"": """", ""name"": ""Bardin Hill Arbitrage UCITS Management LP  (CIK 0001730418)"", ""date"": ""2023-05-12""}, {""cik"": """", ""name"": ""MARINER INDEPENDENT ADVISOR NETWORK, LLC  (CIK 0001548916)"", ""date"": ""2023-05-15""}, {""cik"": """", ""name"": ""J.P. Morgan Investment Management Inc.  (CIK 0001363391)"", ""date"": ""2023-05-11""}, {""cik"": """", ""name"": ""Atlas Venture Associates VIII, L.P.  (CIK 0001451625)"", ""date"": ""2023-05-08""}, {""cik"": """", ""name"": ""Banco Santander International  (CIK 0001697453)"", ""date"": ""2023-05-10""}, {""cik"": """", ""name"": ""Gramm Jefferson  (CIK 0001427290)"", ""date"": ""2023-05-12""}, {""cik"": """", ""name"": ""State Street Saudi Arabia Financial Solutions  (CIK 0001975354)"", ""date"": ""2023-05-15""}, {""cik"": """", ""name"": ""Coatue CT 103 LLC  (CIK 0001853213)"", ""date"": ""2023-05-15""}, {""cik"": """", ""name"": ""SC China Venture V Management, L.P.  (CIK 0001742982)"", ""date"": ""2023-05-15""}, {""cik"": """", ""name"": ""INDEXIQ LLC  (CIK 0001483922)"", ""date"": ""2023-05-08""}, {""cik"": """", ""name"": ""HSBC GLOBAL ASSET MANAGEMENT (DEUTSCHLAND) GMBH  (CIK 0001581450)"", ""date"": ""2023-04-27""}, {""cik"": """", ""name"": ""Westwood Trust  (CIK 0001607760)"", ""date"": ""2023-05-12""}, {""cik"": """", ""name"": ""Teilinger Investments SA  (CIK 0001546085)"", ""date"": ""2023-05-15""}, {""cik"": """", ""name"": ""Centerbridge Partners Real Estate Advisors, LLC  (CIK 0001911633)"", ""date"": ""2023-05-15""}, {""cik"": """", ""name"": ""LAIRD NORTON WEALTH MANAGEMENT, LLC  (CIK 0000924898)"", ""date"": ""2023-05-15""}, {""cik"": """", ""name"": ""PRUDENTIAL GIBRALTAR FINANCIAL LIFE INSURANCE CO., LTD.  (CIK 0001666188)"", ""date"": ""2023-05-12""}]"
2023Q3,0,1695,"[{""cik"": """", ""name"": ""Hill James W.  (CIK 0001901768)"", ""date"": ""2023-08-14""}, {""cik"": """", ""name"": ""Global Media & Entertainment Investments Trust  (CIK 0001900899)"", ""date"": ""2023-08-14""}, {""cik"": """", ""name"": ""Groom Simon  (CIK 0001900825)"", ""date"": ""2023-08-14""}, {""cik"": """", ""name"": ""UBS Switzerland AG  (CIK 0001644493)"", ""date"": ""2023-08-11""}, {""cik"": """", ""name"": ""Allianz Global Investors UK Ltd  (CIK 0001989201)"", ""date"": ""2023-08-14""}, {""cik"": """", ""name"": ""UBS FINANCIAL SERVICES INC  (CIK 0001161787)"", ""date"": ""2023-08-11""}, {""cik"": """", ""name"": ""DST Managers VI Ltd  (CIK 0001941907)"", ""date"": ""2023-08-14""}, {""cik"": """", ""name"": ""FSR Wealth Management Ltd.  (CIK 0001940000)"", ""date"": ""2023-07-18""}, {""cik"": """", ""name"": ""Wagner Thomas  (CIK 0001512348)"", ""date"": ""2023-08-14""}, {""cik"": """", ""name"": ""Energy Capital Partners GP III, LP  (CIK 0001697506)"", ""date"": ""2023-08-14""}, {""cik"": """", ""name"": ""WELLS FARGO BANK N A  (CIK 0000740906)"", ""date"": ""2023-08-15""}, {""cik"": """", ""name"": ""Strategas Asset Management, LLC  (CIK 0001728280)"", ""date"": ""2023-08-15""}, {""cik"": """", ""name"": ""PRUCO SECURITIES, LLC.  (CIK 0000080887)"", ""date"": ""2023-08-11""}, {""cik"": """", ""name"": ""Pleasant Lake Partners LLC  (CIK 0001580144)"", ""date"": ""2023-08-14""}, {""cik"": """", ""name"": ""Shanghai Fosun Pharmaceutical (Group) Co., Ltd.  (CIK 0001615258)"", ""date"": ""2023-08-14""}, {""cik"": """", ""name"": ""Atlas Venture Associates VIII, Inc.  (CIK 0001451624)"", ""date"": ""2023-08-08""}, {""cik"": """", ""name"": ""Sheares Healthcare International Holdings Pte. Ltd.  (CIK 0001910625)"", ""date"": ""2023-07-11""}, {""cik"": """", ""name"": ""UNION ASSET MANAGEMENT HOLDING AG  (CIK 0001575710)"", ""date"": ""2023-08-14""}, {""cik"": """", ""name"": ""Macquarie Investment Management LTD  (CIK 0001435053)"", ""date"": ""2023-08-14""}, {""cik"": """", ""name"": ""FEDERATED MDTA LLC  (CIK 0001056508)"", ""date"": ""2023-08-14""}, {""cik"": """", ""name"": ""Wells Fargo Central Pacific Holdings, Inc.  (CIK 0001911104)"", ""date"": ""2023-08-15""}, {""cik"": """", ""name"": ""Wolverine Holdings, L.P.  (CIK 0001542456)"", ""date"": ""2023-08-22""}, {""cik"": """", ""name"": ""Frost Investment Advisors, LLC  (CIK 0001440916)"", ""date"": ""2023-07-31""}, {""cik"": """", ""name"": ""RBC GLOBAL ASSET MANAGEMENT (UK) Ltd  (CIK 0001628493)"", ""date"": ""2023-08-10""}, {""cik"": """", ""name"": ""UBS AG  (AMNA, AMND, AMTR, AMUB, BDCX, BDCZ, CEFD, DJCB, ESUS, FEDL, HDLB, IFED, IWDL, IWFL, IWML, MLPB)  (CIK 0001114446)"", ""date"": ""2023-08-11""}]"
2023Q4,10000,0,[]
2024Q1,0,1691,"[{""cik"": """", ""name"": ""Groom Simon  (CIK 0001900825)"", ""date"": ""2024-02-14""}, {""cik"": """", ""name"": ""Hill James W.  (CIK 0001901768)"", ""date"": ""2024-02-14""}, {""cik"": """", ""name"": ""Cisco Systems International B.V.  (CIK 0001345837)"", ""date"": ""2024-01-09""}, {""cik"": """", ""name"": ""Global Media & Entertainment Investments Trust  (CIK 0001900899)"", ""date"": ""2024-02-14""}, {""cik"": """", ""name"": ""Deer X & Co. Ltd.  (CIK 0001768677)"", ""date"": ""2024-02-14""}, {""cik"": """", ""name"": ""UBS EUROPE SE  (CIK 0001894864)"", ""date"": ""2024-02-07""}, {""cik"": """", ""name"": ""HSBC Trinkaus & Burkhardt AG, Germany  (CIK 0001581449)"", ""date"": ""2024-01-31""}, {""cik"": """", ""name"": ""CapitalG II LP  (CIK 0001779076)"", ""date"": ""2024-02-09""}, {""cik"": """", ""name"": ""Deutsche Oppenheim Family Office AG  (CIK 0001759113)"", ""date"": ""2024-02-14""}, {""cik"": """", ""name"": ""ROCKEFELLER FINANCIAL LLC  (CIK 0001723502)"", ""date"": ""2024-02-14""}, {""cik"": """", ""name"": ""UBS Bank (Canada)  (CIK 0001916847)"", ""date"": ""2024-02-07""}, {""cik"": """", ""name"": ""BI Holding A/S  (CIK 0001778243)"", ""date"": ""2024-02-09""}, {""cik"": """", ""name"": ""Analyst Provident Funds Ltd.  (CIK 0001634147)"", ""date"": ""2024-02-12""}, {""cik"": """", ""name"": ""Zurich Life Assurance plc  (CIK 0001658263)"", ""date"": ""2024-02-14""}, {""cik"": """", ""name"": ""CREATIVE PLANNING TRUST Co LLC  (CIK 0001977052)"", ""date"": ""2024-02-20""}, {""cik"": """", ""name"": ""FIDELITY MANAGEMENT TRUST CO  (CIK 0000715091)"", ""date"": ""2024-02-13""}, {""cik"": """", ""name"": ""State Street Global Advisors LTD  (CIK 0001324602)"", ""date"": ""2024-02-14""}, {""cik"": """", ""name"": ""Sterling Capital Management LLC  (CIK 0001329883)"", ""date"": ""2024-01-29""}, {""cik"": """", ""name"": ""ALLIANZ LIFE INSURANCE CO OF NORTH AMERICA  (CIK 0000072499)"", ""date"": ""2024-02-06""}, {""cik"": """", ""name"": ""WELLS FARGO DELAWARE TRUST CO, N.A.  (CIK 0001418540)"", ""date"": ""2024-02-09""}, {""cik"": """", ""name"": ""Vitol Holding SARL  (CIK 0001535984)"", ""date"": ""2024-02-13""}, {""cik"": """", ""name"": ""ICONIQ Strategic Partners III GP, L.P.  (CIK 0001766963)"", ""date"": ""2024-02-14""}, {""cik"": """", ""name"": ""DEKEL PARTNERS, L.P.  (CIK 0001458762)"", ""date"": ""2024-02-14""}, {""cik"": """", ""name"": ""Insight Associates XII, L.P.  (CIK 0001912017)"", ""date"": ""2024-02-12""}, {""cik"": """", ""name"": ""APG Group  (CIK 0001434820)"", ""date"": ""2024-02-13""}]"
2024Q2,10000,1763,"[{""cik"": """", ""name"": ""Cisco Systems International B.V.  (CIK 0001345837)"", ""date"": ""2024-04-05""}, {""cik"": """", ""name"": ""Hill James W.  (CIK 0001901768)"", ""date"": ""2024-05-15""}, {""cik"": """", ""name"": ""Global Media & Entertainment Investments Trust  (CIK 0001900899)"", ""date"": ""2024-05-15""}, {""cik"": """", ""name"": ""Coatue CT XXIV LLC  (CIK 0001735112)"", ""date"": ""2024-05-15""}, {""cik"": """", ""name"": ""Groom Simon  (CIK 0001900825)"", ""date"": ""2024-05-15""}, {""cik"": """", ""name"": ""First Commonwealth Bank  (CIK 0001362556)"", ""date"": ""2024-05-14""}, {""cik"": """", ""name"": ""Amundi Singapore Ltd  (CIK 0001905668)"", ""date"": ""2024-05-15""}, {""cik"": """", ""name"": ""WESTWOOD MANAGEMENT CORP /TX  (CIK 0000949471)"", ""date"": ""2024-05-14""}, {""cik"": """", ""name"": ""BT ALEX BROWN INC /  (CIK 0000898380)"", ""date"": ""2024-05-15""}, {""cik"": """", ""name"": ""CONTINENTAL CASUALTY CO  (CIK 0000023997)"", ""date"": ""2024-05-06""}, {""cik"": """", ""name"": ""TENNENBAUM CAPITAL PARTNERS LLC  (CIK 0001169553)"", ""date"": ""2024-05-10""}, {""cik"": """", ""name"": ""BISHOP STREET CAPITAL MANAGEMENT CORP  (CIK 0001132217)"", ""date"": ""2024-04-08""}, {""cik"": """", ""name"": ""SeaTown Master Fund  (CIK 0001567591)"", ""date"": ""2024-04-19""}, {""cik"": """", ""name"": ""VIRTU AMERICAS LLC  (CIK 0001457716)"", ""date"": ""2024-05-21""}, {""cik"": """", ""name"": ""FREESTONE CAPITAL MANAGEMENT LLC  (CIK 0001128159)"", ""date"": ""2024-05-14""}, {""cik"": """", ""name"": ""Wilmington Trust Asset Management, LLC  (CIK 0001992718)"", ""date"": ""2024-05-07""}, {""cik"": """", ""name"": ""MORGAN STANLEY SMITH BARNEY LLC  (CIK 0001466170)"", ""date"": ""2024-05-15""}, {""cik"": """", ""name"": ""Continental Insurance Group, Ltd.  (CIK 0001663139)"", ""date"": ""2024-04-19""}, {""cik"": """", ""name"": ""Continental Insurance Group, Ltd.  (CIK 0001663139)"", ""date"": ""2024-04-19""}, {""cik"": """", ""name"": ""Aflac Asset Management LLC  (CIK 0001882466)"", ""date"": ""2024-05-03""}, {""cik"": """", ""name"": ""Willow Street Trust Co of Wyoming, LLC  (CIK 0002010835)"", ""date"": ""2024-05-14""}, {""cik"": """", ""name"": ""HARBOR SPRING MASTER FUND, LP  (CIK 0001638266)"", ""date"": ""2024-05-14""}, {""cik"": """", ""name"": ""Yehudai Ortav  (CIK 0001832128)"", ""date"": ""2024-05-15""}, {""cik"": """", ""name"": ""Baker Hughes Co  (BKR)  (CIK 0001701605)"", ""date"": ""2024-05-10""}, {""cik"": """", ""name"": ""Neuberger Berman Asia Ltd  (CIK 0001640762)"", ""date"": ""2024-05-13""}]"
2024Q3,10000,1984,"[{""cik"": """", ""name"": ""Compound Global Advisors, LLC  (CIK 0001962450)"", ""date"": ""2024-08-02""}, {""cik"": """", ""name"": ""Hill James W.  (CIK 0001901768)"", ""date"": ""2024-08-14""}, {""cik"": """", ""name"": ""Groom Simon  (CIK 0001900825)"", ""date"": ""2024-08-14""}, {""cik"": """", ""name"": ""Cisco Systems International B.V.  (CIK 0001345837)"", ""date"": ""2024-07-26""}, {""cik"": """", ""name"": ""Compound Global Advisors, LLC  (CIK 0001962450)"", ""date"": ""2024-08-02""}, {""cik"": """", ""name"": ""Global Media & Entertainment Investments Trust  (CIK 0001900899)"", ""date"": ""2024-08-14""}, {""cik"": """", ""name"": ""Amundi Deutschland GmbH  (CIK 0001731532)"", ""date"": ""2024-08-14""}, {""cik"": """", ""name"": ""BlackRock (Luxembourg) S.A.  (CIK 0001426606)"", ""date"": ""2024-08-13""}, {""cik"": """", ""name"": ""BlackRock Fund Managers Ltd.  (CIK 0001388402)"", ""date"": ""2024-08-13""}, {""cik"": """", ""name"": ""Doherty & Associates Ltd.  (CIK 0002010017)"", ""date"": ""2024-08-07""}, {""cik"": """", ""name"": ""Deer VIII & Co. Ltd.  (CIK 0001559311)"", ""date"": ""2024-08-14""}, {""cik"": """", ""name"": ""Peak XV Partners Principals Fund V LTD  (CIK 0001657029)"", ""date"": ""2024-09-04""}, {""cik"": """", ""name"": ""J. Rothschild Capital Management Ltd.  (CIK 0001424379)"", ""date"": ""2024-08-13""}, {""cik"": """", ""name"": ""Global X Investments Canada Inc.  (CIK 0001573668)"", ""date"": ""2024-08-14""}, {""cik"": """", ""name"": ""BMO Asset Management Inc.  (CIK 0001600094)"", ""date"": ""2024-08-14""}, {""cik"": """", ""name"": ""Brookfield Public Securities Group LLC  (CIK 0001273887)"", ""date"": ""2024-08-15""}, {""cik"": """", ""name"": ""Desjardins Securities inc.  (CIK 0002022321)"", ""date"": ""2024-08-16""}, {""cik"": """", ""name"": ""Frost Investment Advisors, LLC  (CIK 0001440916)"", ""date"": ""2024-07-30""}, {""cik"": """", ""name"": ""SeaTown Sustainability Opportunities Master Fund  (CIK 0001972949)"", ""date"": ""2024-07-25""}, {""cik"": """", ""name"": ""Quilter Cheviot International Ltd  (CIK 0002011557)"", ""date"": ""2024-08-09""}, {""cik"": """", ""name"": ""SMBC Nikko Securities Inc.  (CIK 0001552241)"", ""date"": ""2024-08-13""}, {""cik"": """", ""name"": ""1919 Investment Counsel, LLC  (CIK 0001324943)"", ""date"": ""2024-08-13""}, {""cik"": """", ""name"": ""WEATHERBIE CAPITAL, LLC  (CIK 0001082045)"", ""date"": ""2024-08-14""}, {""cik"": """", ""name"": ""Hound Partners Offshore Fund, LP  (CIK 0001375836)"", ""date"": ""2024-08-14""}, {""cik"": """", ""name"": ""TRANSAMERICA CORP  (CIK 0000099189)"", ""date"": ""2024-08-14""}]"
2024Q4,10000,1756,"[{""cik"": """", ""name"": ""Cisco Systems International B.V.  (CIK 0001345837)"", ""date"": ""2024-10-04""}, {""cik"": """", ""name"": ""Hill James W.  (CIK 0001901768)"", ""date"": ""2024-11-14""}, {""cik"": """", ""name"": ""Groom Simon  (CIK 0001900825)"", ""date"": ""2024-11-14""}, {""cik"": """", ""name"": ""Global Media & Entertainment Investments Trust  (CIK 0001900899)"", ""date"": ""2024-11-14""}, {""cik"": """", ""name"": ""BFT Investment Managers  (CIK 0001362200)"", ""date"": ""2024-11-13""}, {""cik"": """", ""name"": ""Teilinger Investments SA  (CIK 0001546085)"", ""date"": ""2024-10-16""}, {""cik"": """", ""name"": ""Cardew Services Ltd  (CIK 0001550169)"", ""date"": ""2024-11-08""}, {""cik"": """", ""name"": ""Amundi Czech Republic Investicni Spolecnost, a.s.  (CIK 0001935264)"", ""date"": ""2024-11-13""}, {""cik"": """", ""name"": ""Cypress Capital Advisors, LLC  (CIK 0001732949)"", ""date"": ""2024-11-07""}, {""cik"": """", ""name"": ""MORGAN STANLEY & CO. LLC  (CIK 0001359291)"", ""date"": ""2024-11-14""}, {""cik"": """", ""name"": ""NBLSM, L.P.  (CIK 0001705612)"", ""date"": ""2024-11-08""}, {""cik"": """", ""name"": ""THRIVENT TRUST Co  (CIK 0001083097)"", ""date"": ""2024-11-07""}, {""cik"": """", ""name"": ""Royal Bank of Canada (Channel Islands) Ltd  (CIK 0001409526)"", ""date"": ""2024-11-12""}, {""cik"": """", ""name"": ""Fidelidade-Companhia de Seguros, S.A.  (CIK 0001623510)"", ""date"": ""2024-11-14""}, {""cik"": """", ""name"": ""SSGA FUNDS MANAGEMENT INC  (CIK 0001257442)"", ""date"": ""2024-11-14""}, {""cik"": """", ""name"": ""ICONIQ Capital Group GP, LLC  (CIK 0001889156)"", ""date"": ""2024-11-13""}, {""cik"": """", ""name"": ""GASCON PARTNERS  (CIK 0001315356)"", ""date"": ""2024-11-14""}, {""cik"": """", ""name"": ""Allianz Global Investors Japan Co. Ltd.  (CIK 0001666778)"", ""date"": ""2024-11-13""}, {""cik"": """", ""name"": ""Newton Investment Management North America, LLC  (CIK 0001891811)"", ""date"": ""2024-11-12""}, {""cik"": """", ""name"": ""Invesco Capital Management LLC  (CIK 0001224696)"", ""date"": ""2024-11-12""}, {""cik"": """", ""name"": ""Fidelity Institutional Asset Management Trust Co  (CIK 0001385494)"", ""date"": ""2024-11-13""}, {""cik"": """", ""name"": ""SevenOneSeven Capital Management  (CIK 0001821035)"", ""date"": ""2024-11-14""}, {""cik"": """", ""name"": ""Union Investment Institutional GmbH  (CIK 0001697816)"", ""date"": ""2024-11-14""}, {""cik"": """", ""name"": ""SUSQUEHANNA ADVISORS GROUP, INC.  (CIK 0001444949)"", ""date"": ""2024-11-14""}, {""cik"": """", ""name"": ""Coatue F1 LP  (CIK 0002010699)"", ""date"": ""2024-11-14""}]"
2025Q1,10000,1883,"[{""cik"": """", ""name"": ""Raymond James Financial Services Advisors, Inc.  (CIK 0001462284)"", ""date"": ""2025-02-06""}, {""cik"": """", ""name"": ""EAGLE ASSET MANAGEMENT INC  (CIK 0000790502)"", ""date"": ""2025-02-11""}, {""cik"": """", ""name"": ""Cisco Systems International B.V.  (CIK 0001345837)"", ""date"": ""2025-01-22""}, {""cik"": """", ""name"": ""Global Media & Entertainment Investments Trust  (CIK 0001900899)"", ""date"": ""2025-02-14""}, {""cik"": """", ""name"": ""RAYMOND JAMES & ASSOCIATES  (CIK 0001084208)"", ""date"": ""2025-02-06""}, {""cik"": """", ""name"": ""Groom Simon  (CIK 0001900825)"", ""date"": ""2025-02-14""}, {""cik"": """", ""name"": ""CARILLON TOWER ADVISERS, INC.  (CIK 0001715163)"", ""date"": ""2025-02-07""}, {""cik"": """", ""name"": ""CHARTWELL INVESTMENT PARTNERS, LLC  (CIK 0001616525)"", ""date"": ""2025-02-12""}, {""cik"": """", ""name"": ""Hill James W.  (CIK 0001901768)"", ""date"": ""2025-02-14""}, {""cik"": """", ""name"": ""ClariVest Asset Management LLC  (CIK 0001388167)"", ""date"": ""2025-02-11""}, {""cik"": """", ""name"": ""Deer X & Co. Ltd.  (CIK 0001768677)"", ""date"": ""2025-02-14""}, {""cik"": """", ""name"": ""GOLDMAN SACHS BANK AG  (CIK 0001098457)"", ""date"": ""2025-02-11""}, {""cik"": """", ""name"": ""ATLANTA CAPITAL MANAGEMENT CO L L C  (CIK 0001027817)"", ""date"": ""2025-02-14""}, {""cik"": """", ""name"": ""CMT GmbH Holdings LLC  (CIK 0001776936)"", ""date"": ""2025-02-14""}, {""cik"": """", ""name"": ""Clough Charles JR  (CIK 0001299903)"", ""date"": ""2025-02-14""}, {""cik"": """", ""name"": ""OSAIC INSTITUTIONS, INC.  (CIK 0000914904)"", ""date"": ""2025-02-07""}, {""cik"": """", ""name"": ""SEI TRUST CO  (CIK 0001204692)"", ""date"": ""2025-02-11""}, {""cik"": """", ""name"": ""COMMERCE BANCSHARES INC /MO/  (CBSH)  (CIK 0000022356)"", ""date"": ""2025-02-13""}, {""cik"": """", ""name"": ""Toronto Dominion (New York) LLC  (CIK 0001343236)"", ""date"": ""2025-02-14""}, {""cik"": """", ""name"": ""Blackstone Tactical Opportunities Advisors L.L.C.  (CIK 0001845735)"", ""date"": ""2025-02-14""}, {""cik"": """", ""name"": ""Flagship Ventures Fund V General Partner LLC  (CIK 0001724575)"", ""date"": ""2025-02-14""}, {""cik"": """", ""name"": ""Squarepoint Capital LLP  (CIK 0001647094)"", ""date"": ""2025-02-14""}, {""cik"": """", ""name"": ""Wakefield Asset Managment Corp  (CIK 0001759421)"", ""date"": ""2025-02-05""}, {""cik"": """", ""name"": ""Amundi Taiwan Ltd.  (CIK 0001941328)"", ""date"": ""2025-02-07""}, {""cik"": """", ""name"": ""WELLS FARGO BANK N A  (CIK 0000740906)"", ""date"": ""2025-02-13""}]"
2025Q2,10000,1879,"[{""cik"": """", ""name"": ""EAGLE ASSET MANAGEMENT INC  (CIK 0000790502)"", ""date"": ""2025-05-14""}, {""cik"": """", ""name"": ""RAYMOND JAMES TRUST CO. OF NH  (CIK 0001927067)"", ""date"": ""2025-05-01""}, {""cik"": """", ""name"": ""RAYMOND JAMES & ASSOCIATES  (CIK 0001084208)"", ""date"": ""2025-06-11""}, {""cik"": """", ""name"": ""Hill James W.  (CIK 0001901768)"", ""date"": ""2025-05-15""}, {""cik"": """", ""name"": ""Cisco Systems International B.V.  (CIK 0001345837)"", ""date"": ""2025-04-11""}, {""cik"": """", ""name"": ""CHARTWELL INVESTMENT PARTNERS, LLC  (CIK 0001616525)"", ""date"": ""2025-05-08""}, {""cik"": """", ""name"": ""Groom Simon  (CIK 0001900825)"", ""date"": ""2025-05-15""}, {""cik"": """", ""name"": ""RAYMOND JAMES TRUST N.A.  (CIK 0001088950)"", ""date"": ""2025-04-30""}, {""cik"": """", ""name"": ""Raymond James Financial Services Advisors, Inc.  (CIK 0001462284)"", ""date"": ""2025-06-11""}, {""cik"": """", ""name"": ""ClariVest Asset Management LLC  (CIK 0001388167)"", ""date"": ""2025-05-14""}, {""cik"": """", ""name"": ""Global Media & Entertainment Investments Trust  (CIK 0001900899)"", ""date"": ""2025-05-15""}, {""cik"": """", ""name"": ""Maven Investment Partners US Ltd  (CIK 0001796861)"", ""date"": ""2025-05-14""}, {""cik"": """", ""name"": ""Mastercard Foundation  (CIK 0001421897)"", ""date"": ""2025-05-09""}, {""cik"": """", ""name"": ""Rockefeller Trust Co (Delaware)  (CIK 0001292819)"", ""date"": ""2025-05-14""}, {""cik"": """", ""name"": ""ROCKEFELLER FINANCIAL LLC  (CIK 0001723502)"", ""date"": ""2025-05-14""}, {""cik"": """", ""name"": ""COMGEST S.A.  (CIK 0001059957)"", ""date"": ""2025-05-15""}, {""cik"": """", ""name"": ""NATIONAL FIRE & MARINE INSURANCE CO  (CIK 0000355323)"", ""date"": ""2025-05-15""}, {""cik"": """", ""name"": ""NORTHERN TRUST CO  (CIK 0000919972)"", ""date"": ""2025-05-13""}, {""cik"": """", ""name"": ""M&G INVESTMENT MANAGEMENT LTD  (CIK 0000922898)"", ""date"": ""2025-05-13""}, {""cik"": """", ""name"": ""SEI INVESTMENTS MANAGEMENT CORP  (CIK 0000907692)"", ""date"": ""2025-05-13""}, {""cik"": """", ""name"": ""Alera Investment Advisors, LLC  (CIK 0001759485)"", ""date"": ""2025-05-08""}, {""cik"": """", ""name"": ""COMMERCE BANCSHARES INC /MO/  (CBSH)  (CIK 0000022356)"", ""date"": ""2025-05-08""}, {""cik"": """", ""name"": ""Quilter Cheviot International Ltd  (CIK 0002011557)"", ""date"": ""2025-04-24""}, {""cik"": """", ""name"": ""BAIRD TRUST Co  (CIK 0001442181)"", ""date"": ""2025-05-15""}, {""cik"": """", ""name"": ""MORGAN STANLEY CAPITAL SERVICES, LLC  (CIK 0001891397)"", ""date"": ""2025-05-15""}]"
2025Q3,10000,1977,"[{""cik"": """", ""name"": ""Raymond James Financial Services Advisors, Inc.  (CIK 0001462284)"", ""date"": ""2025-08-14""}, {""cik"": """", ""name"": ""RAYMOND JAMES TRUST N.A.  (CIK 0001088950)"", ""date"": ""2025-08-12""}, {""cik"": """", ""name"": ""Global Media & Entertainment Investments Trust  (CIK 0001900899)"", ""date"": ""2025-08-14""}, {""cik"": """", ""name"": ""Groom Simon  (CIK 0001900825)"", ""date"": ""2025-08-14""}, {""cik"": """", ""name"": ""CHARTWELL INVESTMENT PARTNERS, LLC  (CIK 0001616525)"", ""date"": ""2025-08-05""}, {""cik"": """", ""name"": ""EAGLE ASSET MANAGEMENT INC  (CIK 0000790502)"", ""date"": ""2025-08-12""}, {""cik"": """", ""name"": ""RAYMOND JAMES TRUST CO. OF NH  (CIK 0001927067)"", ""date"": ""2025-08-12""}, {""cik"": """", ""name"": ""ClariVest Asset Management LLC  (CIK 0001388167)"", ""date"": ""2025-08-12""}, {""cik"": """", ""name"": ""Hill James W.  (CIK 0001901768)"", ""date"": ""2025-08-14""}, {""cik"": """", ""name"": ""Cisco Systems International B.V.  (CIK 0001345837)"", ""date"": ""2025-07-10""}, {""cik"": """", ""name"": ""RAYMOND JAMES & ASSOCIATES  (CIK 0001084208)"", ""date"": ""2025-08-14""}, {""cik"": """", ""name"": ""Teilinger Investments SA  (CIK 0001546085)"", ""date"": ""2025-08-12""}, {""cik"": """", ""name"": ""UBS Switzerland AG  (CIK 0001644493)"", ""date"": ""2025-08-14""}, {""cik"": """", ""name"": ""CREDIT SUISSE INTERNATIONAL  (CIK 0001343079)"", ""date"": ""2025-08-14""}, {""cik"": """", ""name"": ""State Street Global Advisors, Australia  (CIK 0001324595)"", ""date"": ""2025-08-14""}, {""cik"": """", ""name"": ""Wabon Partners, L.P.  (CIK 0002069324)"", ""date"": ""2025-08-14""}, {""cik"": """", ""name"": ""Apoletto Ltd  (CIK 0001730494)"", ""date"": ""2025-08-14""}, {""cik"": """", ""name"": ""Suzanne & Walter Scott Foundation  (CIK 0002074267)"", ""date"": ""2025-08-01""}, {""cik"": """", ""name"": ""Walter Scott Family Foundation  (CIK 0002074276)"", ""date"": ""2025-08-01""}, {""cik"": """", ""name"": ""MORGAN STANLEY INVESTMENT MANAGEMENT CO  (CIK 0001270238)"", ""date"": ""2025-08-14""}, {""cik"": """", ""name"": ""ARROW BANK NATIONAL ASSOCIATION  (CIK 0000902882)"", ""date"": ""2025-08-11""}, {""cik"": """", ""name"": ""Upstart Wealth Management, LLC  (CIK 0001902383)"", ""date"": ""2025-08-11""}, {""cik"": """", ""name"": ""TRUSTCO BANK  (CIK 0001213066)"", ""date"": ""2025-08-08""}, {""cik"": """", ""name"": ""OSAIC INSTITUTIONS, INC.  (CIK 0000914904)"", ""date"": ""2025-08-13""}, {""cik"": """", ""name"": ""Citicorp Banking Corp  (CIK 0001080104)"", ""date"": ""2025-08-11""}]"
2025Q4,10000,1897,"[{""cik"": """", ""name"": ""Global Media & Entertainment Investments Trust  (CIK 0001900899)"", ""date"": ""2025-11-14""}, {""cik"": """", ""name"": ""Groom Simon  (CIK 0001900825)"", ""date"": ""2025-11-14""}, {""cik"": """", ""name"": ""CHARTWELL INVESTMENT PARTNERS, LLC  (CIK 0001616525)"", ""date"": ""2025-11-10""}, {""cik"": """", ""name"": ""RAYMOND JAMES TRUST CO. OF NH  (CIK 0001927067)"", ""date"": ""2025-11-10""}, {""cik"": """", ""name"": ""Raymond James Financial Services Advisors, Inc.  (CIK 0001462284)"", ""date"": ""2025-11-14""}, {""cik"": """", ""name"": ""RAYMOND JAMES TRUST N.A.  (CIK 0001088950)"", ""date"": ""2025-11-10""}, {""cik"": """", ""name"": ""EAGLE ASSET MANAGEMENT INC  (CIK 0000790502)"", ""date"": ""2025-11-12""}, {""cik"": """", ""name"": ""RAYMOND JAMES & ASSOCIATES  (CIK 0001084208)"", ""date"": ""2025-11-14""}, {""cik"": """", ""name"": ""ClariVest Asset Management LLC  (CIK 0001388167)"", ""date"": ""2025-11-12""}, {""cik"": """", ""name"": ""Hill James W.  (CIK 0001901768)"", ""date"": ""2025-11-14""}, {""cik"": """", ""name"": ""BARCLAYS CAPITAL INC.  (CIK 0000851376)"", ""date"": ""2025-11-14""}, {""cik"": """", ""name"": ""BIP GP LLC  (CIK 0001298983)"", ""date"": ""2025-11-14""}, {""cik"": """", ""name"": ""BUFFETT WARREN E  (CIK 0000315090)"", ""date"": ""2025-11-14""}, {""cik"": """", ""name"": ""Barclays Capital Luxembourg SaRL  (CIK 0001505923)"", ""date"": ""2025-11-14""}, {""cik"": """", ""name"": ""EATON VANCE MANAGEMENT  (CIK 0001076598)"", ""date"": ""2025-11-14""}, {""cik"": """", ""name"": ""RBC Europe Ltd  (CIK 0001954243)"", ""date"": ""2025-11-13""}, {""cik"": """", ""name"": ""AMERICAN FAMILY MUTUAL INSURANCE COMPANY, S.I.  (CIK 0000351040)"", ""date"": ""2025-11-13""}, {""cik"": """", ""name"": ""Wellington Management Co LLP  (CIK 0001633863)"", ""date"": ""2025-11-14""}, {""cik"": """", ""name"": ""Cowen Financial Products LLC  (CIK 0001771015)"", ""date"": ""2025-11-14""}, {""cik"": """", ""name"": ""SCGGF III - Endurance Partners Management, L.P.  (CIK 0001767303)"", ""date"": ""2025-11-14""}, {""cik"": """", ""name"": ""BLACKROCK FUND MANAGEMENT CO. S.A.  (CIK 0001559920)"", ""date"": ""2025-11-12""}, {""cik"": """", ""name"": ""AGF Investments LLC  (CIK 0001479598)"", ""date"": ""2025-11-04""}, {""cik"": """", ""name"": ""CIBC WORLD MARKETS CORP  (CIK 0001056527)"", ""date"": ""2025-11-12""}, {""cik"": """", ""name"": ""STIFEL NICOLAUS & CO INC \\MO\\  (CIK 0000948905)"", ""date"": ""2025-11-12""}, {""cik"": """", ""name"": ""BT Funds Management (NZ) Ltd  (CIK 0001738899)"", ""date"": ""2025-11-12""}]"
2026Q1,10000,2007,"[{""cik"": """", ""name"": ""Groom Simon  (CIK 0001900825)"", ""date"": ""2026-02-17""}, {""cik"": """", ""name"": ""RAYMOND JAMES TRUST CO. OF NH  (CIK 0001927067)"", ""date"": ""2026-02-06""}, {""cik"": """", ""name"": ""Raymond James Financial Services Advisors, Inc.  (CIK 0001462284)"", ""date"": ""2026-02-17""}, {""cik"": """", ""name"": ""Global Media & Entertainment Investments Trust  (CIK 0001900899)"", ""date"": ""2026-02-17""}, {""cik"": """", ""name"": ""CHARTWELL INVESTMENT PARTNERS, LLC  (CIK 0001616525)"", ""date"": ""2026-02-03""}, {""cik"": """", ""name"": ""RAYMOND JAMES & ASSOCIATES  (CIK 0001084208)"", ""date"": ""2026-02-17""}, {""cik"": """", ""name"": ""ClariVest Asset Management LLC  (CIK 0001388167)"", ""date"": ""2026-02-05""}, {""cik"": """", ""name"": ""Hill James W.  (CIK 0001901768)"", ""date"": ""2026-02-17""}, {""cik"": """", ""name"": ""EAGLE ASSET MANAGEMENT INC  (CIK 0000790502)"", ""date"": ""2026-02-05""}, {""cik"": """", ""name"": ""RAYMOND JAMES TRUST N.A.  (CIK 0001088950)"", ""date"": ""2026-02-06""}, {""cik"": """", ""name"": ""Citibank, N.A.  (CIK 0000036684)"", ""date"": ""2026-02-13""}, {""cik"": """", ""name"": ""Wilmington Trust Asset Management, LLC  (CIK 0001992718)"", ""date"": ""2026-01-28""}, {""cik"": """", ""name"": ""PM Capital Pty Ltd  (CIK 0002099535)"", ""date"": ""2026-02-18""}, {""cik"": """", ""name"": ""Russell Investments Trust Co  (CIK 0000400007)"", ""date"": ""2026-02-17""}, {""cik"": """", ""name"": ""JLens  (CIK 0002016320)"", ""date"": ""2026-02-17""}, {""cik"": """", ""name"": ""Flexible Plan Investments, Ltd.  (CIK 0001420167)"", ""date"": ""2026-02-02""}, {""cik"": """", ""name"": ""Vanguard National Trust Co  (CIK 0001984256)"", ""date"": ""2026-01-29""}, {""cik"": """", ""name"": ""NORDEA INVESTMENT MANAGEMENT NORTH AMERICA INC  (CIK 0001211578)"", ""date"": ""2026-01-08""}, {""cik"": """", ""name"": ""UI BVK Kapitalverwaltungsgesellschaft mbH  (CIK 0002057123)"", ""date"": ""2026-01-28""}, {""cik"": """", ""name"": ""CLEARBRIDGE INVESTMENT MANAGEMENT LTD  (CIK 0001034882)"", ""date"": ""2026-02-11""}, {""cik"": """", ""name"": ""Daiwa Securities Co. Ltd.  (CIK 0001513045)"", ""date"": ""2026-02-11""}, {""cik"": """", ""name"": ""Ribbit Bullfrog GP II, Ltd.  (CIK 0001851168)"", ""date"": ""2026-02-17""}, {""cik"": """", ""name"": ""Tolleson Private Bank  (CIK 0001803279)"", ""date"": ""2026-02-17""}, {""cik"": """", ""name"": ""Jane Street Options, LLC  (CIK 0001450709)"", ""date"": ""2026-02-02""}, {""cik"": """", ""name"": ""Bank of Singapore Ltd  (CIK 0001966160)"", ""date"": ""2026-02-05""}]"
2026Q2,10000,2008,"[{""cik"": """", ""name"": ""Hill James W.  (CIK 0001901768)"", ""date"": ""2026-05-15""}, {""cik"": """", ""name"": ""ClariVest Asset Management LLC  (CIK 0001388167)"", ""date"": ""2026-05-05""}, {""cik"": """", ""name"": ""RAYMOND JAMES TRUST N.A.  (CIK 0001088950)"", ""date"": ""2026-05-07""}, {""cik"": """", ""name"": ""Global Media & Entertainment Investments Trust  (CIK 0001900899)"", ""date"": ""2026-05-15""}, {""cik"": """", ""name"": ""EAGLE ASSET MANAGEMENT INC  (CIK 0000790502)"", ""date"": ""2026-05-05""}, {""cik"": """", ""name"": ""RAYMOND JAMES TRUST CO. OF NH  (CIK 0001927067)"", ""date"": ""2026-05-07""}, {""cik"": """", ""name"": ""RAYMOND JAMES & ASSOCIATES  (CIK 0001084208)"", ""date"": ""2026-05-14""}, {""cik"": """", ""name"": ""Groom Simon  (CIK 0001900825)"", ""date"": ""2026-05-15""}, {""cik"": """", ""name"": ""CHARTWELL INVESTMENT PARTNERS, LLC  (CIK 0001616525)"", ""date"": ""2026-05-05""}, {""cik"": """", ""name"": ""Raymond James Financial Services Advisors, Inc.  (CIK 0001462284)"", ""date"": ""2026-05-14""}, {""cik"": """", ""name"": ""KBC FUND MANAGEMENT LTD.  (CIK 0001482555)"", ""date"": ""2026-05-07""}, {""cik"": """", ""name"": ""Eaton Vance Trust Co  (CIK 0002011230)"", ""date"": ""2026-05-15""}, {""cik"": """", ""name"": ""Gemini GP Ltd  (CIK 0001965251)"", ""date"": ""2026-05-06""}, {""cik"": """", ""name"": ""NEWTON (PTC) Ltd  (CIK 0001730704)"", ""date"": ""2026-05-06""}, {""cik"": """", ""name"": ""Marex Prime Services Ltd  (CIK 0002089040)"", ""date"": ""2026-04-02""}, {""cik"": """", ""name"": ""Nordea Investment Funds S.A.  (CIK 0002035123)"", ""date"": ""2026-05-13""}, {""cik"": """", ""name"": ""Suzanne & Walter Scott Foundation  (CIK 0002074267)"", ""date"": ""2026-05-14""}, {""cik"": """", ""name"": ""Calvert Research & Management  (CIK 0001717509)"", ""date"": ""2026-05-15""}, {""cik"": """", ""name"": ""MILLENNIUM INTERNATIONAL MANAGEMENT LP  (CIK 0001426821)"", ""date"": ""2026-05-15""}, {""cik"": """", ""name"": ""Venezio Investments Pte. Ltd.  (CIK 0001765993)"", ""date"": ""2026-04-23""}, {""cik"": """", ""name"": ""More Mutual Funds Management (2013) Ltd.  (CIK 0002028930)"", ""date"": ""2026-05-04""}, {""cik"": """", ""name"": ""UBS FINANCIAL SERVICES INC  (CIK 0001161787)"", ""date"": ""2026-05-06""}, {""cik"": """", ""name"": ""REGIONS INVESTMENT MANAGEMENT, INC.  (CIK 0001082809)"", ""date"": ""2026-04-07""}, {""cik"": """", ""name"": ""Sachs Lewis A  (CIK 0001923163)"", ""date"": ""2026-05-12""}, {""cik"": """", ""name"": ""WELLS FARGO DELAWARE TRUST CO, N.A.  (CIK 0001418540)"", ""date"": ""2026-05-11""}]"
