week,signal_date,exec_date,n_ranked,n_long,n_short,mean_long,mean_short,factor_return
2018-12-31/2019-01-06,2019-01-04,2019-01-07,0,0,0,,,
2019-01-07/2019-01-13,2019-01-11,2019-01-14,0,0,0,,,
2019-01-14/2019-01-20,2019-01-18,2019-01-22,0,0,0,,,
2019-01-21/2019-01-27,2019-01-25,2019-01-28,0,0,0,,,
2019-01-28/2019-02-03,2019-02-01,2019-02-04,0,0,0,,,
2019-02-04/2019-02-10,2019-02-08,2019-02-11,0,0,0,,,
2019-02-11/2019-02-17,2019-02-15,2019-02-19,0,0,0,,,
2019-02-18/2019-02-24,2019-02-22,2019-02-25,0,0,0,,,
2019-02-25/2019-03-03,2019-03-01,2019-03-04,0,0,0,,,
2019-03-04/2019-03-10,2019-03-08,2019-03-11,0,0,0,,,
2019-03-11/2019-03-17,2019-03-15,2019-03-18,0,0,0,,,
2019-03-18/2019-03-24,2019-03-22,2019-03-25,0,0,0,,,
2019-03-25/2019-03-31,2019-03-29,2019-04-01,0,0,0,,,
2019-04-01/2019-04-07,2019-04-05,2019-04-08,0,0,0,,,
2019-04-08/2019-04-14,2019-04-12,2019-04-15,0,0,0,,,
2019-04-15/2019-04-21,2019-04-18,2019-04-22,0,0,0,,,
2019-04-22/2019-04-28,2019-04-26,2019-04-29,0,0,0,,,
2019-04-29/2019-05-05,2019-05-03,2019-05-06,0,0,0,,,
2019-05-06/2019-05-12,2019-05-10,2019-05-13,0,0,0,,,
2019-05-13/2019-05-19,2019-05-17,2019-05-20,0,0,0,,,
2019-05-20/2019-05-26,2019-05-24,2019-05-28,0,0,0,,,
2019-05-27/2019-06-02,2019-05-31,2019-06-03,0,0,0,,,
2019-06-03/2019-06-09,2019-06-07,2019-06-10,0,0,0,,,
2019-06-10/2019-06-16,2019-06-14,2019-06-17,0,0,0,,,
2019-06-17/2019-06-23,2019-06-21,2019-06-24,0,0,0,,,
2019-06-24/2019-06-30,2019-06-28,2019-07-01,0,0,0,,,
2019-07-01/2019-07-07,2019-07-05,2019-07-08,0,0,0,,,
2019-07-08/2019-07-14,2019-07-12,2019-07-15,0,0,0,,,
2019-07-15/2019-07-21,2019-07-19,2019-07-22,0,0,0,,,
2019-07-22/2019-07-28,2019-07-26,2019-07-29,0,0,0,,,
2019-07-29/2019-08-04,2019-08-02,2019-08-05,0,0,0,,,
2019-08-05/2019-08-11,2019-08-09,2019-08-12,0,0,0,,,
2019-08-12/2019-08-18,2019-08-16,2019-08-19,0,0,0,,,
2019-08-19/2019-08-25,2019-08-23,2019-08-26,0,0,0,,,
2019-08-26/2019-09-01,2019-08-30,2019-09-03,0,0,0,,,
2019-09-02/2019-09-08,2019-09-06,2019-09-09,0,0,0,,,
2019-09-09/2019-09-15,2019-09-13,2019-09-16,0,0,0,,,
2019-09-16/2019-09-22,2019-09-20,2019-09-23,0,0,0,,,
2019-09-23/2019-09-29,2019-09-27,2019-09-30,0,0,0,,,
2019-09-30/2019-10-06,2019-10-04,2019-10-07,0,0,0,,,
2019-10-07/2019-10-13,2019-10-11,2019-10-14,0,0,0,,,
2019-10-14/2019-10-20,2019-10-18,2019-10-21,0,0,0,,,
2019-10-21/2019-10-27,2019-10-25,2019-10-28,0,0,0,,,
2019-10-28/2019-11-03,2019-11-01,2019-11-04,0,0,0,,,
2019-11-04/2019-11-10,2019-11-08,2019-11-11,0,0,0,,,
2019-11-11/2019-11-17,2019-11-15,2019-11-18,0,0,0,,,
2019-11-18/2019-11-24,2019-11-22,2019-11-25,0,0,0,,,
2019-11-25/2019-12-01,2019-11-29,2019-12-02,0,0,0,,,
2019-12-02/2019-12-08,2019-12-06,2019-12-09,0,0,0,,,
2019-12-09/2019-12-15,2019-12-13,2019-12-16,0,0,0,,,
2019-12-16/2019-12-22,2019-12-20,2019-12-23,0,0,0,,,
2019-12-23/2019-12-29,2019-12-27,2019-12-30,0,0,0,,,
2019-12-30/2020-01-05,2020-01-03,2020-01-06,477,48,48,0.013523479842086066,0.007080947222589347,0.006442532619496719
2020-01-06/2020-01-12,2020-01-10,2020-01-13,477,48,48,0.023067422141672924,0.013631760433918434,0.00943566170775449
2020-01-13/2020-01-19,2020-01-17,2020-01-21,477,48,48,-0.010158141795622744,-0.057828987153185796,0.04767084535756305
2020-01-20/2020-01-26,2020-01-24,2020-01-27,477,48,48,0.0026656386946416525,-0.009337582125208556,0.012003220819850209
2020-01-27/2020-02-02,2020-01-31,2020-02-03,477,48,48,0.023557794090103907,0.016673064139981184,0.006884729950122723
2020-02-03/2020-02-09,2020-02-07,2020-02-10,477,49,48,0.012877946034911457,0.00920255763350322,0.0036753884014082364
2020-02-10/2020-02-16,2020-02-14,2020-02-18,477,49,48,-0.037836664894462115,-0.028312094154055518,-0.009524570740406597
2020-02-17/2020-02-23,2020-02-21,2020-02-24,477,49,48,-0.0847332465922423,-0.06723007445597327,-0.01750317213626902
2020-02-24/2020-03-01,2020-02-28,2020-03-02,477,49,48,-0.0979843439338458,-0.07158816233370081,-0.02639618160014498
2020-03-02/2020-03-08,2020-03-06,2020-03-09,480,48,48,-0.18439341213254037,-0.11525788414183213,-0.06913552799070824
2020-03-09/2020-03-15,2020-03-13,2020-03-16,480,48,48,-0.06720905822078153,-0.03645465026576389,-0.030754407955017646
2020-03-16/2020-03-22,2020-03-20,2020-03-23,480,48,48,0.19463180542225045,0.09863156130139468,0.09600024412085577
2020-03-23/2020-03-29,2020-03-27,2020-03-30,480,48,48,-0.031056839702598177,0.014056898990335532,-0.04511373869293371
2020-03-30/2020-04-05,2020-04-03,2020-04-06,480,48,48,0.16732157313975674,0.06008803939534568,0.10723353374441105
2020-04-06/2020-04-12,2020-04-09,2020-04-13,480,48,48,-0.01160056637816799,0.03270488646121338,-0.04430545283938137
2020-04-13/2020-04-19,2020-04-17,2020-04-20,480,48,48,0.016819859462796263,0.013828073854667222,0.0029917856081290405
2020-04-20/2020-04-26,2020-04-24,2020-04-27,480,48,48,0.0019882616048525503,-0.020136819340098238,0.02212508094495079
2020-04-27/2020-05-03,2020-05-01,2020-05-04,481,49,49,0.042925743038811644,0.07341226463001452,-0.030486521591202874
2020-05-04/2020-05-10,2020-05-08,2020-05-11,481,49,49,0.005588067439054704,0.0004324762260175881,0.005155591213037117
2020-05-11/2020-05-17,2020-05-15,2020-05-18,481,49,49,0.02584492801554907,0.08838438221547465,-0.06253945419992558
2020-05-18/2020-05-24,2020-05-22,2020-05-26,481,49,49,0.02026835106791519,-0.006676713495880851,0.026945064563796042
2020-05-25/2020-05-31,2020-05-29,2020-06-01,481,49,49,0.021185326489274545,0.24856350049988038,-0.22737817401060584
2020-06-01/2020-06-07,2020-06-05,2020-06-08,481,49,49,-0.06143221533539241,-0.14965028405323458,0.08821806871784217
2020-06-08/2020-06-14,2020-06-12,2020-06-15,481,49,49,0.044805611178699106,0.043013582875501145,0.0017920283031979609
2020-06-15/2020-06-21,2020-06-19,2020-06-22,481,49,49,-0.022035293239786678,-0.034779186470108,0.01274389323032132
2020-06-22/2020-06-28,2020-06-26,2020-06-29,481,49,49,0.05000912631618177,0.053712463040840354,-0.0037033367246585847
2020-06-29/2020-07-05,2020-07-02,2020-07-06,481,49,49,-0.006955674073718597,-0.015367663460330173,0.008411989386611576
2020-07-06/2020-07-12,2020-07-10,2020-07-13,481,49,49,0.02786457545508266,0.024476200448860997,0.0033883750062216646
2020-07-13/2020-07-19,2020-07-17,2020-07-20,481,49,49,0.00751583326395148,-0.006458073743256456,0.013973907007207936
2020-07-20/2020-07-26,2020-07-24,2020-07-27,481,49,49,0.008584095470937043,-0.007960018038628431,0.016544113509565472
2020-07-27/2020-08-02,2020-07-31,2020-08-03,481,49,49,0.01422298920958322,0.0641423079357028,-0.049919318726119585
2020-08-03/2020-08-09,2020-08-07,2020-08-10,481,49,49,0.011158955489036934,0.010143525675830411,0.001015429813206523
2020-08-10/2020-08-16,2020-08-14,2020-08-17,481,49,49,0.0007967739983841158,-0.010494984372094365,0.01129175837047848
2020-08-17/2020-08-23,2020-08-21,2020-08-24,481,49,49,0.010895199765889686,0.019342503628535998,-0.008447303862646312
2020-08-24/2020-08-30,2020-08-28,2020-08-31,481,49,49,-0.0386141517676241,-0.021565178086485625,-0.017048973681138477
2020-08-31/2020-09-06,2020-09-04,2020-09-08,481,49,49,0.00941790289905645,-0.0008764986672329593,0.01029440156628941
2020-09-07/2020-09-13,2020-09-11,2020-09-14,481,49,49,-0.008728023902427428,-0.02994582378004824,0.021217799877620812
2020-09-14/2020-09-20,2020-09-18,2020-09-21,481,49,49,0.027362591532167545,-0.002528064338335473,0.02989065587050302
2020-09-21/2020-09-27,2020-09-25,2020-09-28,481,49,49,0.015518769536702616,0.018647479946209623,-0.0031287104095070063
2020-09-28/2020-10-04,2020-10-02,2020-10-05,481,49,49,0.05333337593688863,0.04672626463678281,0.006607111300105821
2020-10-05/2020-10-11,2020-10-09,2020-10-12,481,49,49,0.004820592951451813,-0.001242555045551694,0.006063147997003506
2020-10-12/2020-10-18,2020-10-16,2020-10-19,481,49,49,-0.021321632563922735,0.004448901762181438,-0.025770534326104173
2020-10-19/2020-10-25,2020-10-23,2020-10-26,481,49,49,-0.0360647889874611,-0.02714620377872314,-0.00891858520873796
2020-10-26/2020-11-01,2020-10-30,2020-11-02,481,49,49,0.0919221855302166,0.10865974509015153,-0.01673755955993493
2020-11-02/2020-11-08,2020-11-06,2020-11-09,481,49,49,-0.017576123022958,0.04858285159362165,-0.06615897461657964
2020-11-09/2020-11-15,2020-11-13,2020-11-16,481,49,49,0.015449943927418684,-0.009267655556560703,0.024717599483979388
2020-11-16/2020-11-22,2020-11-20,2020-11-23,481,49,49,0.02808452925810264,0.01850839575012318,0.009576133507979461
2020-11-23/2020-11-29,2020-11-27,2020-11-30,481,49,49,0.004584268257037981,0.03089794478908508,-0.0263136765320471
2020-11-30/2020-12-06,2020-12-04,2020-12-07,481,49,49,-0.0016418547041194582,0.01709152418129338,-0.01873337888541284
2020-12-07/2020-12-13,2020-12-11,2020-12-14,481,49,49,0.016849740310420632,-0.07045565653222258,0.08730539684264321
2020-12-14/2020-12-20,2020-12-18,2020-12-21,481,49,49,0.019761340106174478,0.02660694916443312,-0.0068456090582586435
2020-12-21/2020-12-27,2020-12-24,2020-12-28,481,49,49,-0.0034002517208956847,0.01475856916933031,-0.018158820890225993
2020-12-28/2021-01-03,2020-12-31,2021-01-04,481,49,49,0.01870319938064537,0.01979430309370048,-0.001091103713055111
2021-01-04/2021-01-10,2021-01-08,2021-01-11,481,49,49,0.02984317569314085,0.04835398387624673,-0.01851080818310588
2021-01-11/2021-01-17,2021-01-15,2021-01-19,481,49,49,0.016745393752682296,-0.03507925392217738,0.05182464767485968
2021-01-18/2021-01-24,2021-01-22,2021-01-25,481,49,49,-0.030099402116747512,-0.026782182547981176,-0.003317219568766336
2021-01-25/2021-01-31,2021-01-29,2021-02-01,481,49,49,0.032694872699011945,0.08112841139550209,-0.04843353869649014
2021-02-01/2021-02-07,2021-02-05,2021-02-08,481,49,49,0.018152898553662748,0.045783261241722405,-0.027630362688059656
2021-02-08/2021-02-14,2021-02-12,2021-02-16,481,49,49,-0.01777368757074561,-0.0004257616264006271,-0.017347925944344984
2021-02-15/2021-02-21,2021-02-19,2021-02-22,481,49,49,-0.005538147876866366,0.02299993601359658,-0.028538083890462945
2021-02-22/2021-02-28,2021-02-26,2021-03-01,481,49,49,-0.01495813908828206,0.05153415844758901,-0.06649229753587108
2021-03-01/2021-03-07,2021-03-05,2021-03-08,481,49,49,0.0425655012996694,0.03158684206206118,0.01097865923760822
2021-03-08/2021-03-14,2021-03-12,2021-03-15,481,49,49,0.008541078072062745,-0.026319070419351442,0.03486014849141419
2021-03-15/2021-03-21,2021-03-19,2021-03-22,481,49,49,0.008852715691303376,0.008142615197961776,0.0007101004933416002
2021-03-22/2021-03-28,2021-03-26,2021-03-29,481,49,49,0.028657072736230305,0.01674415281372424,0.011912919922506066
2021-03-29/2021-04-04,2021-04-01,2021-04-05,481,49,49,0.011060353207908085,0.008440030047448217,0.0026203231604598684
2021-04-05/2021-04-11,2021-04-09,2021-04-12,481,49,49,0.00799883901157101,0.026245189376394137,-0.018246350364823125
2021-04-12/2021-04-18,2021-04-16,2021-04-19,481,49,49,0.006917062896625374,-0.0007227035489395925,0.007639766445564966
2021-04-19/2021-04-25,2021-04-23,2021-04-26,481,49,49,0.000295982474614983,0.004311446430191779,-0.004015463955576796
2021-04-26/2021-05-02,2021-04-30,2021-05-03,481,49,49,-0.00833314785221798,0.021775368686876788,-0.030108516539094767
2021-05-03/2021-05-09,2021-05-07,2021-05-10,481,49,49,-0.024211851421227892,-0.01460007373462191,-0.009611777686605982
2021-05-10/2021-05-16,2021-05-14,2021-05-17,481,49,49,0.011228029361461576,0.008012070952939217,0.0032159584085223597
2021-05-17/2021-05-23,2021-05-21,2021-05-24,481,49,49,0.029862083475128514,0.007276550540776014,0.0225855329343525
2021-05-24/2021-05-30,2021-05-28,2021-06-01,481,49,49,0.0008716024000214397,0.001498500303356407,-0.0006268979033349674
2021-05-31/2021-06-06,2021-06-04,2021-06-07,481,49,49,0.006760903878583993,0.005391392117027586,0.0013695117615564077
2021-06-07/2021-06-13,2021-06-11,2021-06-14,481,49,49,-0.023317489077457704,-0.024845937954885457,0.0015284488774277537
2021-06-14/2021-06-20,2021-06-18,2021-06-21,481,49,49,0.04518345287563782,0.022513008697683273,0.022670444177954545
2021-06-21/2021-06-27,2021-06-25,2021-06-28,481,49,49,0.005274646426210309,0.0010901630470769297,0.004184483379133379
2021-06-28/2021-07-04,2021-07-02,2021-07-06,481,49,49,-0.017386990570716944,0.011220052646512357,-0.028607043217229303
2021-07-05/2021-07-11,2021-07-09,2021-07-12,481,49,49,-0.06760757465741354,-0.019170677684774963,-0.04843689697263858
2021-07-12/2021-07-18,2021-07-16,2021-07-19,481,49,49,0.044371634527099066,0.0324460911811036,0.011925543345995465
2021-07-19/2021-07-25,2021-07-23,2021-07-26,481,49,49,0.017777881296582136,0.009087073962026007,0.00869080733455613
2021-07-26/2021-08-01,2021-07-30,2021-08-02,481,49,49,0.00709883107759972,0.001159953384363019,0.005938877693236701
2021-08-02/2021-08-08,2021-08-06,2021-08-09,481,48,49,-0.00897928409820622,0.004637771024118535,-0.013617055122324754
2021-08-09/2021-08-15,2021-08-13,2021-08-16,481,48,49,-0.02736081789595186,0.014818213245838992,-0.04217903114179085
2021-08-16/2021-08-22,2021-08-20,2021-08-23,481,48,49,0.0613125010874909,-0.006810645958612052,0.06812314704610295
2021-08-23/2021-08-29,2021-08-27,2021-08-30,481,48,49,-0.029457233914310762,0.011346490824940955,-0.040803724739251715
2021-08-30/2021-09-05,2021-09-03,2021-09-07,481,49,49,-0.005809558727169557,-0.00949633794691536,0.0036867792197458026
2021-09-06/2021-09-12,2021-09-10,2021-09-13,481,49,49,-0.013140923594962068,-0.02733579512219833,0.014194871527236263
2021-09-13/2021-09-19,2021-09-17,2021-09-20,481,49,49,0.05671572175394324,0.008952800921900457,0.04776292083204278
2021-09-20/2021-09-26,2021-09-24,2021-09-27,481,49,49,-0.0055222446214513825,-0.019761861211375863,0.014239616589924481
2021-09-27/2021-10-03,2021-10-01,2021-10-04,481,49,49,0.002973170662963964,0.012037082069545265,-0.0090639114065813
2021-10-04/2021-10-10,2021-10-08,2021-10-11,481,49,49,0.024966825960966717,0.005521378483261358,0.01944544747770536
2021-10-11/2021-10-17,2021-10-15,2021-10-18,481,49,49,0.03465638059319101,0.02136611841517642,0.01329026217801459
2021-10-18/2021-10-24,2021-10-22,2021-10-25,481,49,49,0.016782916620589224,-0.00354694726203905,0.020329863882628273
2021-10-25/2021-10-31,2021-10-29,2021-11-01,481,49,49,0.025924625491129054,0.01740494580503476,0.008519679686094295
2021-11-01/2021-11-07,2021-11-05,2021-11-08,481,49,49,-0.0003587187234048037,0.013120772271899441,-0.013479490995304245
2021-11-08/2021-11-14,2021-11-12,2021-11-15,481,49,49,-0.01933969096424115,-0.001213425207531028,-0.01812626575671012
2021-11-15/2021-11-21,2021-11-19,2021-11-22,481,49,49,-0.009825894267628704,-0.023076953447067762,0.013251059179439058
2021-11-22/2021-11-28,2021-11-26,2021-11-29,481,49,49,-0.023447311178212936,-0.018766470426787328,-0.004680840751425608
2021-11-29/2021-12-05,2021-12-03,2021-12-06,481,48,50,0.014318233338502797,0.026725153922310927,-0.01240692058380813
2021-12-06/2021-12-12,2021-12-10,2021-12-13,481,48,50,-0.032490748915705074,-0.011636359120721617,-0.020854389794983455
2021-12-13/2021-12-19,2021-12-17,2021-12-20,481,48,50,0.045740304053451177,0.03271718415103086,0.013023119902420319
2021-12-20/2021-12-26,2021-12-23,2021-12-27,481,48,50,0.008702948701730863,0.019016863058746322,-0.01031391435701546
2021-12-27/2022-01-02,2021-12-31,2022-01-03,481,48,50,0.014290235911447888,-0.020863442056274436,0.03515367796772233
2022-01-03/2022-01-09,2022-01-07,2022-01-10,481,49,49,-0.007065513888492482,-5.996156759270139e-05,-0.007005552320899781
2022-01-10/2022-01-16,2022-01-14,2022-01-18,481,49,49,-0.08044270708825682,-0.039879993538323104,-0.04056271354993372
2022-01-17/2022-01-23,2022-01-21,2022-01-24,481,49,49,0.04230325182724442,0.00916563504447436,0.03313761678277006
2022-01-24/2022-01-30,2022-01-28,2022-01-31,481,49,49,0.04347393698098921,0.011239995998959681,0.03223394098202953
2022-01-31/2022-02-06,2022-02-04,2022-02-07,481,49,49,-0.024262414212789005,0.01826690752593205,-0.04252932173872105
2022-02-07/2022-02-13,2022-02-11,2022-02-14,481,49,49,-0.02332787389306796,-0.02194185707063488,-0.0013860168224330803
2022-02-14/2022-02-20,2022-02-18,2022-02-22,481,49,49,0.01919682285686959,-0.027735196635599157,0.04693201949246875
2022-02-21/2022-02-27,2022-02-25,2022-02-28,481,49,49,0.0007877635270329641,-0.0034505033045780105,0.004238266831610975
2022-02-28/2022-03-06,2022-03-04,2022-03-07,481,49,49,-0.017071112546627427,-0.03940621435631431,0.022335101809686887
2022-03-07/2022-03-13,2022-03-11,2022-03-14,481,49,49,0.06292423621763976,0.06696622423839547,-0.004041988020755713
2022-03-14/2022-03-20,2022-03-18,2022-03-21,481,49,49,-0.002008043697979893,0.009239453657884401,-0.011247497355864295
2022-03-21/2022-03-27,2022-03-25,2022-03-28,481,49,49,0.004174036845564814,0.010187773373139173,-0.006013736527574359
2022-03-28/2022-04-03,2022-04-01,2022-04-04,481,48,49,-0.03242472075299229,-0.02050761038968186,-0.011917110363310432
2022-04-04/2022-04-10,2022-04-08,2022-04-11,481,48,49,-0.011529093753769662,-0.000604590429120875,-0.010924503324648787
2022-04-11/2022-04-17,2022-04-14,2022-04-18,481,48,49,-0.024941187249167468,-0.03575520447244137,0.010814017223273902
2022-04-18/2022-04-24,2022-04-22,2022-04-25,481,48,49,-0.022510139784128778,-0.026171890638057808,0.00366175085392903
2022-04-25/2022-05-01,2022-04-29,2022-05-02,481,48,49,-0.01295088631503216,-0.025892733481220218,0.012941847166188057
2022-05-02/2022-05-08,2022-05-06,2022-05-09,481,49,49,0.004746750001564725,-0.0035110311209833244,0.00825778112254805
2022-05-09/2022-05-15,2022-05-13,2022-05-16,481,49,49,-0.022690487462671393,-0.02183846532287102,-0.0008520221398003736
2022-05-16/2022-05-22,2022-05-20,2022-05-23,481,49,49,0.0673201927613791,0.04971813830358019,0.01760205445779891
2022-05-23/2022-05-29,2022-05-27,2022-05-31,481,49,49,0.009152270190274165,-0.003915014803882059,0.013067284994156225
2022-05-30/2022-06-05,2022-06-03,2022-06-06,481,49,49,-0.07564011809369353,-0.09395403032308758,0.018313912229394047
2022-06-06/2022-06-12,2022-06-10,2022-06-13,481,49,49,-0.017273202024908493,-0.031595845751560624,0.01432264372665213
2022-06-13/2022-06-19,2022-06-17,2022-06-21,481,49,49,0.04676763206154118,0.053245076333722656,-0.006477444272181478
2022-06-20/2022-06-26,2022-06-24,2022-06-27,481,49,49,-0.016358499201107157,-0.052306219633471894,0.03594772043236474
2022-06-27/2022-07-03,2022-07-01,2022-07-05,481,49,49,0.007375034873362959,0.02967415532489808,-0.02229912045153512
2022-07-04/2022-07-10,2022-07-08,2022-07-11,481,49,49,0.0163110408803837,-0.005050506646752555,0.021361547527136253
2022-07-11/2022-07-17,2022-07-15,2022-07-18,481,49,49,0.0337464767895273,0.03208150325647207,0.001664973533055232
2022-07-18/2022-07-24,2022-07-22,2022-07-25,481,49,49,0.050011691284288354,0.044664307125405055,0.005347384158883299
2022-07-25/2022-07-31,2022-07-29,2022-08-01,481,49,49,-0.005634030800118046,0.02679813341044606,-0.03243216421056411
2022-08-01/2022-08-07,2022-08-05,2022-08-08,481,50,49,0.020070522508841702,0.029794110748245884,-0.009723588239404182
2022-08-08/2022-08-14,2022-08-12,2022-08-15,481,50,49,0.014160347241254702,-0.06207518717747125,0.07623553441872595
2022-08-15/2022-08-21,2022-08-19,2022-08-22,481,50,49,-0.023795580642489704,-0.04080106736221359,0.017005486719723885
2022-08-22/2022-08-28,2022-08-26,2022-08-29,481,50,49,-0.013391233216544498,-0.02074564939804885,0.0073544161815043505
2022-08-29/2022-09-04,2022-09-02,2022-09-06,481,49,49,0.03893571206819187,0.07026763434011986,-0.031331922271927985
2022-09-05/2022-09-11,2022-09-09,2022-09-12,481,49,49,-0.059683173220061406,-0.05426204771352469,-0.005421125506536714
2022-09-12/2022-09-18,2022-09-16,2022-09-19,481,49,49,-0.036930093592394575,-0.07030724396539836,0.03337715037300379
2022-09-19/2022-09-25,2022-09-23,2022-09-26,481,49,49,-0.008452705355394914,-0.026596279127975447,0.01814357377258053
2022-09-26/2022-10-02,2022-09-30,2022-10-03,481,49,49,0.007157471615834995,0.03152778324310312,-0.02437031162726812
2022-10-03/2022-10-09,2022-10-07,2022-10-10,481,49,48,-0.003977553601757429,-0.014579745399070615,0.010602191797313186
2022-10-10/2022-10-16,2022-10-14,2022-10-17,481,49,48,0.03790336310714119,0.029289794887960158,0.00861356821918103
2022-10-17/2022-10-23,2022-10-21,2022-10-24,481,49,48,0.04367330006521924,0.04679958664760484,-0.003126286582385604
2022-10-24/2022-10-30,2022-10-28,2022-10-31,481,49,48,0.0101676644505074,-0.020765996216786736,0.03093366066729414
2022-10-31/2022-11-06,2022-11-04,2022-11-07,481,49,49,0.0318338444399474,0.07476145142453407,-0.04292760698458667
2022-11-07/2022-11-13,2022-11-11,2022-11-14,481,49,49,0.008317950707496927,-0.029753983078438635,0.03807193378593556
2022-11-14/2022-11-20,2022-11-18,2022-11-21,481,49,49,0.0211335004200339,0.014292574838380548,0.006840925581653352
2022-11-21/2022-11-27,2022-11-25,2022-11-28,481,49,49,0.0052978937069398145,0.008333094206526222,-0.003035200499586408
2022-11-28/2022-12-04,2022-12-02,2022-12-05,481,49,49,-0.048693705586437645,-0.027539625758598876,-0.02115407982783877
2022-12-05/2022-12-11,2022-12-09,2022-12-12,481,49,49,-0.014222900839637027,-0.01921032454030794,0.004987423700670915
2022-12-12/2022-12-18,2022-12-16,2022-12-19,481,49,49,0.01381741637549613,-0.009374842225969742,0.02319225860146587
2022-12-19/2022-12-25,2022-12-23,2022-12-27,481,49,49,-0.015241735100542216,0.017980325992725428,-0.03322206109326764
2022-12-26/2023-01-01,2022-12-30,2023-01-03,481,49,49,0.01157837715782247,0.04402369980102237,-0.0324453226431999
2023-01-02/2023-01-08,2023-01-06,2023-01-09,481,49,49,0.03534235988517117,0.023408373577992247,0.011933986307178922
2023-01-09/2023-01-15,2023-01-13,2023-01-17,481,49,49,-0.008714863360201261,-0.0008466794579008225,-0.007868183902300438
2023-01-16/2023-01-22,2023-01-20,2023-01-23,481,49,49,0.009872127172594669,0.0146575610256527,-0.004785433853058031
2023-01-23/2023-01-29,2023-01-27,2023-01-30,481,49,49,0.012281258059983827,0.0351087672717237,-0.02282750921173987
2023-01-30/2023-02-05,2023-02-03,2023-02-06,481,49,49,0.018084868231203116,-0.021579676670786193,0.03966454490198931
2023-02-06/2023-02-12,2023-02-10,2023-02-13,481,49,49,-0.004669844777202883,-0.0012249672787547402,-0.003444877498448143
2023-02-13/2023-02-19,2023-02-17,2023-02-21,481,49,49,-0.0078336966440466,-0.015950733156222478,0.008117036512175877
2023-02-20/2023-02-26,2023-02-24,2023-02-27,481,49,49,-0.0027890013859105207,0.026955810284633824,-0.029744811670544345
2023-02-27/2023-03-05,2023-03-03,2023-03-06,481,49,49,-0.056607280555471616,-0.07569127639609798,0.01908399584062636
2023-03-06/2023-03-12,2023-03-10,2023-03-13,481,49,49,-0.009829590670642764,0.031921791129590926,-0.04175138180023369
2023-03-13/2023-03-19,2023-03-17,2023-03-20,481,49,49,0.017881038566691217,0.013514424957095485,0.004366613609595732
2023-03-20/2023-03-26,2023-03-24,2023-03-27,481,49,49,0.04271057581448429,0.03507761375684725,0.007632962057637041
2023-03-27/2023-04-02,2023-03-31,2023-04-03,481,49,49,-0.007382197989791117,-0.022309875452023398,0.01492767746223228
2023-04-03/2023-04-09,2023-04-06,2023-04-10,481,49,49,0.02040220291288453,0.007577722110333906,0.012824480802550622
2023-04-10/2023-04-16,2023-04-14,2023-04-17,481,49,49,0.004344686954658616,-0.0008745300800424662,0.005219217034701082
2023-04-17/2023-04-23,2023-04-21,2023-04-24,481,49,49,0.008634347890552634,0.005782159577240575,0.002852188313312059
2023-04-24/2023-04-30,2023-04-28,2023-05-01,481,49,49,-0.0211773232040313,-0.009220617621328007,-0.011956705582703293
2023-05-01/2023-05-07,2023-05-05,2023-05-08,481,49,49,0.004388058200953492,-0.01905031600828323,0.023438374209236723
2023-05-08/2023-05-14,2023-05-12,2023-05-15,481,49,49,0.022698285598957327,0.009751839562765367,0.01294644603619196
2023-05-15/2023-05-21,2023-05-19,2023-05-22,481,49,49,0.030252725726158763,-0.01729887270456884,0.04755159843072761
2023-05-22/2023-05-28,2023-05-26,2023-05-30,481,49,49,0.005655148353818585,0.02236911068841496,-0.016713962334596377
2023-05-29/2023-06-04,2023-06-02,2023-06-05,481,49,49,0.010359785429448931,0.01382913800569121,-0.003469352576242278
2023-06-05/2023-06-11,2023-06-09,2023-06-12,481,49,49,0.030390010393566477,0.05030082200793319,-0.019910811614366714
2023-06-12/2023-06-18,2023-06-16,2023-06-20,481,49,49,-0.007849859619940032,-0.031242283109857404,0.023392423489917373
2023-06-19/2023-06-25,2023-06-23,2023-06-26,481,49,49,0.03323574421741228,0.04630430624780649,-0.013068562030394207
2023-06-26/2023-07-02,2023-06-30,2023-07-03,481,49,49,-0.01608113746479528,-0.006147678209394452,-0.00993345925540083
2023-07-03/2023-07-09,2023-07-07,2023-07-10,481,49,49,0.024115055855558554,0.0319410466410781,-0.007825990785519547
2023-07-10/2023-07-16,2023-07-14,2023-07-17,481,49,49,0.006924550974366757,0.020555681906141154,-0.013631130931774397
2023-07-17/2023-07-23,2023-07-21,2023-07-24,481,49,49,0.0024019354191878004,-0.0022813554249523087,0.004683290844140109
2023-07-24/2023-07-30,2023-07-28,2023-07-31,481,49,49,-0.00039579648592380045,-0.016347070979096694,0.015951274493172893
2023-07-31/2023-08-06,2023-08-04,2023-08-07,481,49,49,0.0004065725832939139,-0.012752949549066552,0.013159522132360466
2023-08-07/2023-08-13,2023-08-11,2023-08-14,481,49,49,-0.01913061039179585,-0.031417688746459733,0.012287078354663885
2023-08-14/2023-08-20,2023-08-18,2023-08-21,481,49,49,0.01223736104227208,-0.0047899682754123825,0.017027329317684463
2023-08-21/2023-08-27,2023-08-25,2023-08-28,481,49,49,0.022343805274387604,0.027853561446601807,-0.005509756172214202
2023-08-28/2023-09-03,2023-09-01,2023-09-05,481,49,49,-0.012508424879749697,-0.020727919739622833,0.008219494859873135
2023-09-04/2023-09-10,2023-09-08,2023-09-11,481,49,49,-0.026749662190815187,-0.005062429377583796,-0.021687232813231393
2023-09-11/2023-09-17,2023-09-15,2023-09-18,481,49,49,-0.047723100470098305,-0.01593363105920823,-0.03178946941089007
2023-09-18/2023-09-24,2023-09-22,2023-09-25,481,49,49,0.012297975512640434,-0.0023475018696418348,0.014645477382282269
2023-09-25/2023-10-01,2023-09-29,2023-10-02,481,49,49,-0.017778526424244368,-0.010208135841533713,-0.0075703905827106555
2023-10-02/2023-10-08,2023-10-06,2023-10-09,481,48,49,0.002171514668682692,0.01981577390429644,-0.01764425923561375
2023-10-09/2023-10-15,2023-10-13,2023-10-16,481,48,49,-0.04548085620494791,-0.021187214654322165,-0.024293641550625748
2023-10-16/2023-10-22,2023-10-20,2023-10-23,481,48,49,-0.009645417102737428,-0.014908817500882392,0.005263400398144965
2023-10-23/2023-10-29,2023-10-27,2023-10-30,481,48,49,0.08235743853735807,0.04895964960833213,0.03339778892902594
2023-10-30/2023-11-05,2023-11-03,2023-11-06,481,49,49,-0.0023686332374344074,-0.019066809216407174,0.016698175978972767
2023-11-06/2023-11-12,2023-11-10,2023-11-13,481,49,49,0.05169019337678964,0.02657745882724206,0.025112734549547575
2023-11-13/2023-11-19,2023-11-17,2023-11-20,481,49,49,0.002608210191068716,0.01719917193643178,-0.014590961745363062
2023-11-20/2023-11-26,2023-11-24,2023-11-27,481,49,49,0.028156125993949625,0.020230057130202105,0.00792606886374752
2023-11-27/2023-12-03,2023-12-01,2023-12-04,481,49,49,-0.009228219586063643,0.017981398954630603,-0.027209618540694244
2023-12-04/2023-12-10,2023-12-08,2023-12-11,481,49,49,0.02520991003105769,0.06812401288186734,-0.042914102850809654
2023-12-11/2023-12-17,2023-12-15,2023-12-18,481,49,49,0.0095179191824377,1.757962193418102e-05,0.009500339560503519
2023-12-18/2023-12-24,2023-12-22,2023-12-26,481,49,49,-0.000963798496709424,-0.002662513889852396,0.0016987153931429717
2023-12-25/2023-12-31,2023-12-29,2024-01-02,481,49,49,-0.0041323417312897825,-0.010447550455433776,0.006315208724143993
2024-01-01/2024-01-07,2024-01-05,2024-01-08,481,49,48,0.02375836087908271,-0.015498939064527864,0.039257299943610574
2024-01-08/2024-01-14,2024-01-12,2024-01-16,481,49,48,0.0229537811281001,0.0027358654763278054,0.020217915651772295
2024-01-15/2024-01-21,2024-01-19,2024-01-22,481,49,48,0.012230800736475549,0.008734397358422153,0.0034964033780533962
2024-01-22/2024-01-28,2024-01-26,2024-01-29,481,49,48,0.016099901120036644,-0.011920391049220588,0.028020292169257232
2024-01-29/2024-02-04,2024-02-02,2024-02-05,481,49,49,0.034208533996560785,0.003521040562175146,0.03068749343438564
2024-02-05/2024-02-11,2024-02-09,2024-02-12,481,49,49,-0.005768764038836992,0.010428144138638615,-0.016196908177475607
2024-02-12/2024-02-18,2024-02-16,2024-02-20,481,49,49,0.03121045543576793,0.01568180385819439,0.015528651577573539
2024-02-19/2024-02-25,2024-02-23,2024-02-26,481,49,49,0.029900653794273025,0.006214079969324508,0.023686573824948518
2024-02-26/2024-03-03,2024-03-01,2024-03-04,481,48,49,0.0003615779051909171,0.0031460259215642878,-0.0027844480163733707
2024-03-04/2024-03-10,2024-03-08,2024-03-11,481,48,49,-0.0007493980814183681,-0.007744558131112507,0.006995160049694139
2024-03-11/2024-03-17,2024-03-15,2024-03-18,481,48,49,0.02262453782981937,0.01259291913050248,0.01003161869931689
2024-03-18/2024-03-24,2024-03-22,2024-03-25,481,48,49,0.01548084081455943,0.025574347333800814,-0.010093506519241385
2024-03-25/2024-03-31,2024-03-28,2024-04-01,481,48,49,-0.015513023239366333,-0.022955424582099714,0.007442401342733381
2024-04-01/2024-04-07,2024-04-05,2024-04-08,481,49,49,-0.020403505784134024,-0.01775208971582884,-0.0026514160683051846
2024-04-08/2024-04-14,2024-04-12,2024-04-15,481,49,49,-0.046028751947305845,-0.00836171106131966,-0.037667040885986186
2024-04-15/2024-04-21,2024-04-19,2024-04-22,481,49,49,0.024002522588814995,0.020571640668293856,0.0034308819205211387
2024-04-22/2024-04-28,2024-04-26,2024-04-29,481,49,49,0.002211849065898645,0.00804668282717982,-0.0058348337612811755
2024-04-29/2024-05-05,2024-05-03,2024-05-06,481,49,49,0.01616844583703203,0.011102229357176203,0.005066216479855827
2024-05-06/2024-05-12,2024-05-10,2024-05-13,481,49,49,0.005355010882455894,0.02104824614290287,-0.015693235260446976
2024-05-13/2024-05-19,2024-05-17,2024-05-20,481,49,49,-0.0017191784550031001,-0.007301902935200047,0.005582724480196946
2024-05-20/2024-05-26,2024-05-24,2024-05-28,481,49,49,-0.008891661915569343,0.007038956551529169,-0.015930618467098513
2024-05-27/2024-06-02,2024-05-31,2024-06-03,481,49,49,-0.020195651648126763,-0.013582190076479397,-0.006613461571647366
2024-06-03/2024-06-09,2024-06-07,2024-06-10,481,49,49,-0.005759813252129853,-0.014097954742300356,0.008338141490170502
2024-06-10/2024-06-16,2024-06-14,2024-06-17,481,49,49,0.021921020609540806,0.009799471722587275,0.01212154888695353
2024-06-17/2024-06-23,2024-06-21,2024-06-24,481,49,49,0.0035700875936160005,-0.010710510838860945,0.014280598432476945
2024-06-24/2024-06-30,2024-06-28,2024-07-01,481,49,49,-0.009616017385254173,0.0066784543503411965,-0.01629447173559537
2024-07-01/2024-07-07,2024-07-05,2024-07-08,481,49,49,0.028183964006339175,0.0297655665406292,-0.0015816025342900268
2024-07-08/2024-07-14,2024-07-12,2024-07-15,481,49,49,-0.011464536949947517,0.001679646869504716,-0.013144183819452234
2024-07-15/2024-07-21,2024-07-19,2024-07-22,481,49,49,0.007597776008111394,0.0027690599492130098,0.004828716058898385
2024-07-22/2024-07-28,2024-07-26,2024-07-29,481,49,49,-0.0841564701492785,-0.05870844285111796,-0.025448027298160543
2024-07-29/2024-08-04,2024-08-02,2024-08-05,481,49,49,0.0922797834806488,-0.004094430190626342,0.09637421367127515
2024-08-05/2024-08-11,2024-08-09,2024-08-12,481,49,49,0.05760490549483793,0.02677717670420866,0.030827728790629273
2024-08-12/2024-08-18,2024-08-16,2024-08-19,481,49,49,0.014437984119453412,0.02813798980527162,-0.013700005685818207
2024-08-19/2024-08-25,2024-08-23,2024-08-26,481,49,49,-0.014659765193096875,-0.006955336617477377,-0.007704428575619498
2024-08-26/2024-09-01,2024-08-30,2024-09-03,481,49,49,-0.05318759962924202,-0.012331255745675663,-0.04085634388356636
2024-09-02/2024-09-08,2024-09-06,2024-09-09,481,49,49,0.03479985417814811,0.020003570825468903,0.014796283352679209
2024-09-09/2024-09-15,2024-09-13,2024-09-16,481,49,49,0.042170650394532785,0.007782128000426599,0.03438852239410618
2024-09-16/2024-09-22,2024-09-20,2024-09-23,481,49,49,0.0009574837320807401,0.0013299603800767791,-0.00037247664799603905
2024-09-23/2024-09-29,2024-09-27,2024-09-30,481,49,49,0.003693767497413379,-0.000900890400745387,0.0045946578981587655
2024-09-30/2024-10-06,2024-10-04,2024-10-07,481,48,48,0.033957443891950656,-0.0014857209294200206,0.03544316482137068
2024-10-07/2024-10-13,2024-10-11,2024-10-14,481,48,48,0.00353477115544254,0.01088215826411387,-0.007347387108671331
2024-10-14/2024-10-20,2024-10-18,2024-10-21,481,48,48,-0.008421011456918355,-0.0030751255503074643,-0.00534588590661089
2024-10-21/2024-10-27,2024-10-25,2024-10-28,481,48,48,-0.027192993164251267,-0.021937688854055948,-0.00525530431019532
2024-10-28/2024-11-03,2024-11-01,2024-11-04,481,49,49,0.0213419919330691,0.06040634545946053,-0.039064353526391433
2024-11-04/2024-11-10,2024-11-08,2024-11-11,481,49,49,-0.04008153512234766,-0.014461834958480102,-0.02561970016386756
2024-11-11/2024-11-17,2024-11-15,2024-11-18,481,49,49,0.05072857059180927,0.029209084112522363,0.021519486479286906
2024-11-18/2024-11-24,2024-11-22,2024-11-25,481,49,49,0.010334512181940505,0.006139528457655942,0.004194983724284563
2024-11-25/2024-12-01,2024-11-29,2024-12-02,481,49,49,-0.00422121476509143,-0.008314013506639954,0.004092798741548524
2024-12-02/2024-12-08,2024-12-06,2024-12-09,481,49,49,-0.00924869597972811,-0.024934857597001356,0.015686161617273243
2024-12-09/2024-12-15,2024-12-13,2024-12-16,481,49,49,-0.026026020200154158,-0.039414185320510164,0.013388165120356007
2024-12-16/2024-12-22,2024-12-20,2024-12-23,481,49,49,-0.004026200966251596,0.0018137678814388574,-0.0058399688476904535
2024-12-23/2024-12-29,2024-12-27,2024-12-30,481,49,49,0.010867292507171162,0.01705310846077414,-0.006185815953602977
2024-12-30/2025-01-05,2025-01-03,2025-01-06,481,50,49,-0.027488624629843413,-0.02266973652850382,-0.004818888101339593
2025-01-06/2025-01-12,2025-01-10,2025-01-13,481,50,49,0.08490450327971821,0.01836688738006198,0.06653761589965623
2025-01-13/2025-01-19,2025-01-17,2025-01-21,481,50,49,-0.01870081977493244,0.014785524943432677,-0.03348634471836512
2025-01-20/2025-01-26,2025-01-24,2025-01-27,481,50,49,-0.024662449673527993,-0.01623826440870043,-0.008424185264827563
2025-01-27/2025-02-02,2025-01-31,2025-02-03,481,50,49,0.032753328161835016,-0.01073419292004156,0.043487521081876576
2025-02-03/2025-02-09,2025-02-07,2025-02-10,481,48,49,-0.013561315557656705,-0.00764204987460662,-0.005919265683050084
2025-02-10/2025-02-16,2025-02-14,2025-02-18,481,48,49,-0.017993778078916233,-0.004470395908207937,-0.013523382170708295
2025-02-17/2025-02-23,2025-02-21,2025-02-24,481,48,49,-0.008656808500698327,-0.00499587034614037,-0.0036609381545579566
2025-02-24/2025-03-02,2025-02-28,2025-03-03,481,48,49,-0.06793798032109812,-0.020994907642696386,-0.046943072678401726
2025-03-03/2025-03-09,2025-03-07,2025-03-10,481,49,49,0.00472438868184928,-0.008490083905648758,0.013214472587498038
2025-03-10/2025-03-16,2025-03-14,2025-03-17,481,49,49,0.04880866744698589,0.011169394471008858,0.03763927297597704
2025-03-17/2025-03-23,2025-03-21,2025-03-24,481,49,49,-0.08097875316439367,-0.018214843594834086,-0.06276390956955957
2025-03-24/2025-03-30,2025-03-28,2025-03-31,481,49,49,-0.1486535835978894,-0.11189842924677655,-0.03675515435111286
2025-03-31/2025-04-06,2025-04-04,2025-04-07,481,49,49,0.1615306760580352,0.061634447575550214,0.09989622848248499
2025-04-07/2025-04-13,2025-04-11,2025-04-14,481,49,49,-0.040989686990238056,-0.0031533074873441036,-0.03783637950289395
2025-04-14/2025-04-20,2025-04-17,2025-04-21,481,49,49,0.09656622266356077,0.021091111669771435,0.07547511099378934
2025-04-21/2025-04-27,2025-04-25,2025-04-28,481,49,49,0.03832283694618032,0.0029943049848880224,0.0353285319612923
2025-04-28/2025-05-04,2025-05-02,2025-05-05,481,49,49,0.03743568776876457,0.04842654283358377,-0.0109908550648192
2025-05-05/2025-05-11,2025-05-09,2025-05-12,481,49,49,0.010573723907753692,0.015782517493301264,-0.005208793585547572
2025-05-12/2025-05-18,2025-05-16,2025-05-19,481,49,49,-0.014180240698700497,0.0007880549727137208,-0.014968295671414217
2025-05-19/2025-05-25,2025-05-23,2025-05-27,481,49,49,-0.0004569508933227652,-0.007578565943317993,0.007121615049995228
2025-05-26/2025-06-01,2025-05-30,2025-06-02,481,49,49,0.01547262450466907,0.03660837730688284,-0.021135752802213775
2025-06-02/2025-06-08,2025-06-06,2025-06-09,481,49,49,0.015756334527841045,-0.00405928455872859,0.019815619086569636
2025-06-09/2025-06-15,2025-06-13,2025-06-16,481,49,49,-0.0036512680354455966,0.005050649036287412,-0.008701917071733008
2025-06-16/2025-06-22,2025-06-20,2025-06-23,481,49,49,0.010759136938528618,0.046312190929867034,-0.035553053991338415
2025-06-23/2025-06-29,2025-06-27,2025-06-30,481,49,49,0.008731971580751683,0.031293595706934636,-0.022561624126182955
2025-06-30/2025-07-06,2025-07-03,2025-07-07,481,49,49,-0.011659607829652599,0.014302921524419638,-0.025962529354072235
2025-07-07/2025-07-13,2025-07-11,2025-07-14,481,49,49,0.010240553903710016,-0.004873235017761413,0.01511378892147143
2025-07-14/2025-07-20,2025-07-18,2025-07-21,481,49,49,0.006161443057657878,0.01855153516634675,-0.012390092108688872
2025-07-21/2025-07-27,2025-07-25,2025-07-28,481,49,49,-0.018310823756425287,-0.026517536198346854,0.008206712441921567
2025-07-28/2025-08-03,2025-08-01,2025-08-04,481,49,49,0.006414518739508372,0.0005173607102117801,0.0058971580292965925
2025-08-04/2025-08-10,2025-08-08,2025-08-11,481,49,49,0.006155515752437287,0.021254510530060763,-0.015098994777623477
2025-08-11/2025-08-17,2025-08-15,2025-08-18,481,49,49,0.012977338757315328,0.01428850417972277,-0.001311165422407442
2025-08-18/2025-08-24,2025-08-22,2025-08-25,481,49,49,-0.006794235671867609,-0.011675212072404479,0.00488097640053687
2025-08-25/2025-08-31,2025-08-29,2025-09-02,481,49,49,0.012354331866956338,0.006101484186056761,0.006252847680899577
2025-09-01/2025-09-07,2025-09-05,2025-09-08,481,49,49,0.030994660221952183,-0.01108804116029495,0.04208270138224714
2025-09-08/2025-09-14,2025-09-12,2025-09-15,481,49,49,0.011147338314654245,-0.009350294961890762,0.020497633276545007
2025-09-15/2025-09-21,2025-09-19,2025-09-22,481,49,49,0.007068199307639086,0.007170702386739107,-0.00010250307910002112
2025-09-22/2025-09-28,2025-09-26,2025-09-29,481,49,49,0.011348320278132418,0.03659867860708911,-0.025250358328956692
2025-09-29/2025-10-05,2025-10-03,2025-10-06,481,49,49,-0.018190973677947867,-0.03751413289917591,0.019323159221228046
2025-10-06/2025-10-12,2025-10-10,2025-10-13,481,49,49,0.01635428289062199,0.013604044457080487,0.0027502384335415034
2025-10-13/2025-10-19,2025-10-17,2025-10-20,481,49,49,0.02585654302978814,0.020341917302989197,0.005514625726798943
2025-10-20/2025-10-26,2025-10-24,2025-10-27,481,49,49,-0.03620184155438351,-0.019482488037785566,-0.016719353516597944
2025-10-27/2025-11-02,2025-10-31,2025-11-03,481,49,49,-0.008402427157762014,-0.0032674981696943937,-0.00513492898806762
2025-11-03/2025-11-09,2025-11-07,2025-11-10,481,49,49,-0.0013631287779446398,0.0026221138609296684,-0.0039852426388743084
2025-11-10/2025-11-16,2025-11-14,2025-11-17,481,49,49,-0.007912590422778693,0.005675207648968332,-0.013587798071747025
2025-11-17/2025-11-23,2025-11-21,2025-11-24,481,49,49,0.02022999054408573,0.02406259089700888,-0.0038326003529231475
2025-11-24/2025-11-30,2025-11-28,2025-12-01,481,49,49,0.012810679435735661,0.018122055665965676,-0.005311376230230015
2025-12-01/2025-12-07,2025-12-05,2025-12-08,481,49,49,0.0037147330182401763,0.027615353788607633,-0.023900620770367455
2025-12-08/2025-12-14,2025-12-12,2025-12-15,481,49,49,0.007919318125803773,-0.010694858971095457,0.01861417709689923
2025-12-15/2025-12-21,2025-12-19,2025-12-22,481,49,49,-0.002594401649180297,0.007728025089856469,-0.010322426739036765
2025-12-22/2025-12-28,2025-12-26,2025-12-29,481,49,49,0.022814144660539853,-0.005469209671570408,0.02828335433211026
2025-12-29/2026-01-04,2026-01-02,2026-01-05,481,48,49,-0.010445519663635881,0.03712602061139714,-0.04757154027503302
2026-01-05/2026-01-11,2026-01-09,2026-01-12,481,48,49,0.019264301964034676,-0.018941765601900716,0.03820606756593539
2026-01-12/2026-01-18,2026-01-16,2026-01-20,481,48,49,0.010311913394911424,0.01171889885588851,-0.0014069854609770859
2026-01-19/2026-01-25,2026-01-23,2026-01-26,481,48,49,-0.009480341610568798,-0.029274652952712202,0.019794311342143406
2026-01-26/2026-02-01,2026-01-30,2026-02-02,481,48,49,0.0278606373040774,0.005604177565944047,0.022256459738133352
2026-02-02/2026-02-08,2026-02-06,2026-02-09,481,49,48,-0.007941103117616838,0.02576569213143744,-0.033706795249054275
2026-02-09/2026-02-15,2026-02-13,2026-02-17,481,49,48,0.003809628678744919,0.007957755417505688,-0.00414812673876077
2026-02-16/2026-02-22,2026-02-20,2026-02-23,481,49,48,-0.008920509459634931,0.004807122906320048,-0.013727632365954978
2026-02-23/2026-03-01,2026-02-27,2026-03-02,481,49,48,-0.032107875639999305,-0.03158940098763094,-0.0005184746523683656
2026-03-02/2026-03-08,2026-03-06,2026-03-09,481,49,49,0.011904731136733404,-0.017140786742346103,0.029045517879079507
2026-03-09/2026-03-15,2026-03-13,2026-03-16,481,49,49,0.0053377158051918635,-0.028966621124837628,0.03430433693002949
2026-03-16/2026-03-22,2026-03-20,2026-03-23,481,49,49,-0.03117029155597812,0.001608975057263995,-0.03277926661324212
2026-03-23/2026-03-29,2026-03-27,2026-03-30,481,49,49,0.0361851619740805,0.0009200903645668113,0.035265071609513685
2026-03-30/2026-04-05,2026-04-02,2026-04-06,481,50,49,0.05515793907489422,-0.04035289685276851,0.09551083592766273
2026-04-06/2026-04-12,2026-04-10,2026-04-13,481,50,49,0.03963873714032021,0.061627196268902625,-0.021988459128582417
2026-04-13/2026-04-19,2026-04-17,2026-04-20,481,50,49,-0.00467322978006409,-0.015642584371803693,0.010969354591739602
2026-04-20/2026-04-26,2026-04-24,2026-04-27,481,50,49,-0.01907940886847702,0.02049346727850209,-0.03957287614697911
2026-04-27/2026-05-03,2026-05-01,2026-05-04,481,49,49,-0.0010362107130901718,0.0206299915404554,-0.021666202253545572
2026-05-04/2026-05-10,2026-05-08,2026-05-11,481,49,49,-0.0021492295823805096,-0.019614696927936874,0.017465467345556363
2026-05-11/2026-05-17,2026-05-15,2026-05-18,481,49,49,0.011895684167752902,0.038017369746435714,-0.026121685578682812
2026-05-18/2026-05-24,2026-05-22,2026-05-26,481,49,49,-0.004010365996634159,0.018153669775983393,-0.022164035772617552
2026-05-25/2026-05-31,2026-05-29,2026-06-01,481,49,49,0.0052782484886216615,-0.007156080261707644,0.012434328750329305
2026-06-01/2026-06-07,2026-06-05,2026-06-08,481,49,49,0.004500315992118318,0.0001537493145425361,0.0043465666775757816
2026-06-08/2026-06-14,2026-06-12,2026-06-15,481,49,49,-0.015011779374409843,-0.04477901448905367,0.02976723511464383
2026-06-15/2026-06-21,2026-06-18,2026-06-22,481,49,49,-0.008247307893559054,0.030496613039978544,-0.038743920933537596
2026-06-22/2026-06-28,2026-06-26,2026-06-29,481,49,49,-0.008679491064077437,0.02228116253377003,-0.030960653597847464
2026-06-29/2026-07-05,2026-07-02,2026-07-06,481,49,50,0.033706900463793966,-0.018243738688417947,0.051950639152211917
2026-07-06/2026-07-12,2026-07-10,2026-07-13,481,49,50,-0.0020860814368971583,-0.012931132922943898,0.010845051486046739
2026-07-13/2026-07-19,2026-07-17,2026-07-20,481,49,50,0.00494756905815391,0.01640685553646594,-0.011459286478312028
2026-07-20/2026-07-26,2026-07-24,2026-07-27,481,49,50,-0.005662440000271784,0.016115159038540185,-0.02177759903881197
2026-07-27/2026-08-02,2026-07-31,2026-08-03,481,49,50,,,
